id,skill,location,certification,education,skill_level,experience,work_preference,composite_score
1,-0.053389573607237596,0,"['NRP', 'ACLS']",0,intermediate,-0.44518881061958665,1,-0.29656543534055474
2,0.6584714078225953,3,"['ACLS', 'CPR', 'NRP']",1,entry-level,0.8907115963409132,0,1.2417388865892625
3,-0.7652505550370705,1,"['NRP', 'ACLS']",1,entry-level,-0.44518881061958665,1,-0.656594106430512
4,-0.053389573607237596,0,['ACLS'],1,advanced,0.2227613928606633,0,0.09619311493939857
5,-0.053389573607237596,2,"['CPR', 'BLS']",1,intermediate,1.669986833734538,0,0.9471699738792974
6,-0.053389573607237596,4,"['ACLS', 'NRP']",1,advanced,-0.33386377670621165,3,-0.23110567696056253
7,-0.053389573607237596,0,"['NRP', 'BLS']",1,advanced,-1.1131390140998365,3,-0.689323985620508
8,-1.4771115364669034,4,"['ACLS', 'CPR', 'PALS']",1,intermediate,-0.22253874279283667,3,-1.016622777520469
9,-0.053389573607237596,2,"['PALS', 'NRP', 'CPR']",1,entry-level,1.1133616641676631,3,0.6198711819793363
10,0.6584714078225953,3,"['NRP', 'PALS']",1,entry-level,-1.4471141158399616,1,-0.8202435023804925
11,-1.4771115364669034,3,['CPR'],1,intermediate,1.3360117319944131,2,-1.016622777520469
12,-0.7652505550370705,1,"['NRP', 'BLS']",1,advanced,-0.7791639123597116,1,-0.7547837440005003
13,1.3703323892524282,3,"['CPR', 'NRP', 'PALS']",1,advanced,-1.4471141158399616,2,-0.7547837440005003
14,0.6584714078225953,1,"['NRP', 'PALS']",1,entry-level,-1.4471141158399616,1,-0.8202435023804925
15,-1.4771115364669034,1,"['ACLS', 'PALS']",1,entry-level,-1.1131390140998365,3,-1.016622777520469
16,1.3703323892524282,4,"['CPR', 'ACLS', 'BLS']",1,intermediate,-0.22253874279283667,3,0.6853309403593285
17,1.3703323892524282,0,"['NRP', 'BLS', 'ACLS']",1,entry-level,0.5567364946007882,0,1.6017675576792196
18,-1.4771115364669034,3,"['ACLS', 'PALS']",1,advanced,0.2227613928606633,1,-1.016622777520469
19,-0.7652505550370705,2,['PALS'],1,entry-level,-0.11121370887946168,1,-0.5584044688605236
20,1.3703323892524282,3,['BLS'],1,advanced,-0.5565138445329616,1,0.2925723900793752
21,0.6584714078225953,0,"['NRP', 'PALS']",1,entry-level,-1.4471141158399616,1,-0.8202435023804925
22,0.6584714078225953,3,['NRP'],1,intermediate,-0.44518881061958665,0,0.06346323574940245
23,1.3703323892524282,2,['NRP'],1,advanced,1.1133616641676631,2,2.2563651414791415
24,1.3703323892524282,4,['NRP'],1,entry-level,-0.11121370887946168,1,0.816250457119313
25,-0.7652505550370705,4,['NRP'],1,intermediate,1.1133616641676631,3,-0.1983757977705664
26,-0.053389573607237596,2,"['NRP', 'PALS', 'BLS']",1,advanced,-1.2244640480132116,1,-0.7547837440005003
27,-0.7652505550370705,0,['NRP'],1,intermediate,0.6680615285141632,0,-0.32929531453055083
28,0.6584714078225953,1,['BLS'],1,intermediate,-0.8904889462730866,1,-0.32929531453055083
29,-0.7652505550370705,2,['NRP'],1,entry-level,-1.3357890819265865,2,-0.9184331399504808
30,-1.4771115364669034,0,"['BLS', 'PALS']",1,entry-level,-1.6697641836667114,3,-1.016622777520469
31,0.6584714078225953,1,"['CPR', 'NRP', 'PALS']",1,advanced,0.5567364946007882,3,0.9471699738792974
32,-1.4771115364669034,3,['NRP'],1,entry-level,1.2246866980810382,3,-1.016622777520469
33,0.6584714078225953,4,['PALS'],1,intermediate,-1.3357890819265865,3,-0.7220538648105042
34,-0.7652505550370705,1,['ACLS'],1,advanced,0.8907115963409132,1,-0.26383555615055865
35,-0.7652505550370705,0,"['ACLS', 'BLS', 'PALS']",1,advanced,-0.11121370887946168,0,-0.5584044688605236
36,-1.4771115364669034,2,"['NRP', 'PALS']",1,advanced,-0.5565138445329616,3,-1.016622777520469
37,-0.7652505550370705,3,['CPR'],1,entry-level,-0.44518881061958665,2,-0.656594106430512
38,0.6584714078225953,4,"['CPR', 'NRP', 'PALS']",1,intermediate,-1.3357890819265865,1,-0.7220538648105042
39,1.3703323892524282,1,"['BLS', 'ACLS']",1,advanced,1.669986833734538,3,2.9109627252790635
40,1.3703323892524282,0,"['PALS', 'CPR', 'NRP']",1,entry-level,0.7793865624275382,3,1.8636065911991884
41,0.6584714078225953,0,"['NRP', 'CPR']",1,intermediate,-0.33386377670621165,1,0.1616528733193908
42,0.6584714078225953,4,"['BLS', 'CPR']",1,advanced,-0.6678388784463366,1,-0.1329160393905742
43,1.3703323892524282,3,"['BLS', 'PALS']",1,advanced,0.33408642677403827,3,1.3399285241592507
44,1.3703323892524282,3,['CPR'],1,intermediate,1.1133616641676631,0,2.2563651414791415
45,-0.7652505550370705,4,['BLS'],1,entry-level,-1.1131390140998365,0,-0.8529733815704886
46,-0.7652505550370705,4,['NRP'],1,advanced,1.669986833734538,2,-0.03472640182058587
47,1.3703323892524282,0,"['PALS', 'NRP', 'BLS']",1,entry-level,0.5567364946007882,2,1.6017675576792196
48,0.6584714078225953,0,['BLS'],1,entry-level,-0.6678388784463366,0,-0.1329160393905742
49,0.6584714078225953,2,['BLS'],1,entry-level,-1.1131390140998365,0,-0.5256745896705275
50,-0.7652505550370705,1,"['BLS', 'ACLS', 'NRP']",1,intermediate,-0.22253874279283667,2,-0.5911343480505197
51,-1.4771115364669034,2,['NRP'],1,intermediate,1.1133616641676631,1,-1.016622777520469
52,-0.7652505550370705,1,['CPR'],1,advanced,0.7793865624275382,3,-0.29656543534055474
53,1.3703323892524282,0,['CPR'],1,entry-level,1.0020366302542882,3,2.125445624719157
54,-1.4771115364669034,4,['CPR'],1,intermediate,0.33408642677403827,2,-1.016622777520469
55,0.6584714078225953,1,"['NRP', 'PALS', 'ACLS']",1,intermediate,0.8907115963409132,3,1.2417388865892625
56,-0.7652505550370705,3,['CPR'],1,entry-level,0.1114363589472883,1,-0.4929447104805314
57,-0.7652505550370705,4,"['ACLS', 'NRP', 'PALS']",1,advanced,0.2227613928606633,2,-0.46021483129053525
58,0.6584714078225953,1,['PALS'],1,advanced,0.00011132503391331329,3,0.45622178602935576
59,-0.7652505550370705,0,"['NRP', 'PALS']",1,intermediate,0.6680615285141632,3,-0.32929531453055083
60,0.6584714078225953,2,"['PALS', 'BLS', 'CPR']",1,advanced,0.00011132503391331329,0,0.45622178602935576
61,0.6584714078225953,2,"['NRP', 'CPR']",1,intermediate,0.4454114606874133,2,0.848980336309309
62,-0.053389573607237596,0,['PALS'],1,intermediate,-0.6678388784463366,2,-0.42748495210053916
63,0.6584714078225953,3,"['NRP', 'ACLS', 'CPR']",1,intermediate,0.5567364946007882,1,0.9471699738792974
64,-0.053389573607237596,1,"['ACLS', 'BLS', 'CPR']",1,advanced,0.5567364946007882,2,0.2925723900793752
65,1.3703323892524282,3,"['ACLS', 'CPR', 'PALS']",1,intermediate,1.0020366302542882,0,2.125445624719157
66,-0.053389573607237596,4,['CPR'],1,advanced,-1.6697641836667114,0,-1.016622777520469
67,0.6584714078225953,4,"['BLS', 'PALS', 'CPR']",1,intermediate,-0.6678388784463366,0,-0.1329160393905742
68,1.3703323892524282,2,['PALS'],1,intermediate,1.2246866980810382,3,2.387284658239126
69,-0.053389573607237596,1,"['NRP', 'ACLS', 'PALS']",1,entry-level,1.0020366302542882,2,0.554411423599344
70,0.6584714078225953,1,"['CPR', 'NRP']",1,entry-level,-0.22253874279283667,3,0.2598425108893791
71,-1.4771115364669034,3,"['ACLS', 'NRP', 'BLS']",1,entry-level,0.2227613928606633,0,-1.016622777520469
72,-0.7652505550370705,2,['NRP'],1,intermediate,1.3360117319944131,3,-0.1329160393905742
73,-1.4771115364669034,2,['NRP'],1,advanced,-0.8904889462730866,2,-1.016622777520469
74,-1.4771115364669034,0,"['ACLS', 'PALS']",1,advanced,0.4454114606874133,2,-1.016622777520469
75,-0.7652505550370705,0,"['NRP', 'ACLS']",1,entry-level,-1.3357890819265865,0,-0.9184331399504808
76,-0.053389573607237596,3,['ACLS'],1,intermediate,0.33408642677403827,1,0.1616528733193908
77,-1.4771115364669034,3,['ACLS'],1,intermediate,1.1133616641676631,0,-1.016622777520469
78,1.3703323892524282,0,"['PALS', 'CPR']",1,intermediate,-0.33386377670621165,1,0.554411423599344
79,-0.053389573607237596,1,['CPR'],1,entry-level,1.669986833734538,2,0.9471699738792974
80,-0.7652505550370705,1,"['PALS', 'CPR']",1,advanced,1.2246866980810382,2,-0.16564591858057032
81,1.3703323892524282,1,['ACLS'],1,intermediate,1.2246866980810382,0,2.387284658239126
82,-0.053389573607237596,2,"['ACLS', 'BLS', 'NRP']",1,intermediate,-1.4471141158399616,0,-0.8857032607604847
83,-1.4771115364669034,1,"['ACLS', 'PALS', 'BLS']",1,intermediate,-0.6678388784463366,1,-1.016622777520469
84,1.3703323892524282,4,"['ACLS', 'CPR', 'NRP']",1,entry-level,-1.6697641836667114,1,-1.016622777520469
85,-0.053389573607237596,1,"['PALS', 'NRP', 'ACLS']",1,entry-level,0.1114363589472883,3,0.030733356559406348
86,-0.7652505550370705,1,"['NRP', 'ACLS']",1,entry-level,-1.4471141158399616,3,-0.951163019140477
87,-1.4771115364669034,3,['ACLS'],1,advanced,0.7793865624275382,0,-1.016622777520469
88,-0.7652505550370705,1,['CPR'],1,entry-level,-0.22253874279283667,1,-0.5911343480505197
89,-1.4771115364669034,1,"['PALS', 'CPR']",1,entry-level,-1.6697641836667114,0,-1.016622777520469
90,-1.4771115364669034,2,"['ACLS', 'PALS']",1,advanced,-0.7791639123597116,1,-1.016622777520469
91,-1.4771115364669034,2,"['PALS', 'CPR', 'ACLS']",1,entry-level,0.1114363589472883,0,-1.016622777520469
92,-1.4771115364669034,3,['ACLS'],1,advanced,-1.3357890819265865,2,-1.016622777520469
93,-0.053389573607237596,2,['ACLS'],1,intermediate,-0.33386377670621165,2,-0.23110567696056253
94,-0.053389573607237596,0,"['PALS', 'CPR']",1,entry-level,-1.1131390140998365,2,-0.689323985620508
95,0.6584714078225953,4,"['NRP', 'PALS']",1,intermediate,1.5586617998211632,1,1.8308767120091922
96,-0.053389573607237596,4,"['NRP', 'CPR', 'ACLS']",1,intermediate,0.8907115963409132,1,0.48895166521935185
97,-0.053389573607237596,2,['CPR'],1,intermediate,-1.0018139801864616,3,-0.6238642272405158
98,-1.4771115364669034,0,"['ACLS', 'PALS', 'BLS']",1,entry-level,0.33408642677403827,0,-1.016622777520469
99,0.6584714078225953,2,['NRP'],1,intermediate,-0.8904889462730866,0,-0.32929531453055083
100,1.3703323892524282,4,['BLS'],1,intermediate,1.0020366302542882,0,2.125445624719157
101,-1.4771115364669034,4,['NRP'],1,intermediate,-1.5584391497533365,3,-1.016622777520469
102,0.6584714078225953,1,['ACLS'],1,intermediate,-0.44518881061958665,0,0.06346323574940245
103,-1.4771115364669034,0,"['PALS', 'NRP', 'CPR']",1,intermediate,1.4473367659077883,1,-1.016622777520469
104,-1.4771115364669034,1,['PALS'],1,entry-level,-0.5565138445329616,0,-1.016622777520469
105,0.6584714078225953,4,['CPR'],1,entry-level,-0.22253874279283667,2,0.2598425108893791
106,-0.053389573607237596,0,"['NRP', 'PALS', 'ACLS']",1,intermediate,-1.6697641836667114,2,-1.016622777520469
107,1.3703323892524282,3,['BLS'],1,advanced,-1.3357890819265865,3,-0.6238642272405158
108,0.6584714078225953,1,['ACLS'],1,advanced,-1.5584391497533365,0,-0.9184331399504808
109,-1.4771115364669034,0,"['ACLS', 'BLS']",1,intermediate,0.4454114606874133,2,-1.016622777520469
110,0.6584714078225953,1,['PALS'],1,advanced,-1.6697641836667114,0,-1.016622777520469
111,-0.053389573607237596,0,"['BLS', 'ACLS']",1,advanced,-1.1131390140998365,0,-0.689323985620508
112,-1.4771115364669034,3,"['BLS', 'NRP']",1,intermediate,-1.6697641836667114,0,-1.016622777520469
113,1.3703323892524282,1,['PALS'],1,advanced,-1.5584391497533365,2,-0.8857032607604847
114,-0.053389573607237596,2,['NRP'],1,intermediate,-0.5565138445329616,2,-0.362025193720547
115,1.3703323892524282,0,['BLS'],1,advanced,1.4473367659077883,1,2.649123691759095
116,-0.7652505550370705,2,['NRP'],1,entry-level,0.8907115963409132,0,-0.26383555615055865
117,-0.053389573607237596,4,"['PALS', 'ACLS', 'CPR']",1,advanced,0.5567364946007882,1,0.2925723900793752
118,-1.4771115364669034,0,"['BLS', 'CPR']",1,entry-level,0.5567364946007882,3,-1.016622777520469
119,-1.4771115364669034,2,"['BLS', 'NRP']",1,intermediate,-0.22253874279283667,0,-1.016622777520469
120,-0.7652505550370705,3,['BLS'],1,advanced,-1.6697641836667114,3,-1.016622777520469
121,-0.7652505550370705,4,"['BLS', 'ACLS', 'CPR']",1,advanced,1.5586617998211632,2,-0.06745628101058197
122,-0.053389573607237596,4,"['ACLS', 'PALS']",1,advanced,0.6680615285141632,2,0.3580321484593674
123,-0.7652505550370705,4,['CPR'],1,entry-level,1.669986833734538,0,-0.03472640182058587
124,-0.053389573607237596,4,"['NRP', 'BLS']",1,advanced,-0.8904889462730866,0,-0.5584044688605236
125,-1.4771115364669034,1,['PALS'],1,advanced,0.1114363589472883,0,-1.016622777520469
126,-0.7652505550370705,3,"['ACLS', 'NRP']",1,intermediate,-0.7791639123597116,0,-0.7547837440005003
127,0.6584714078225953,3,['PALS'],1,intermediate,0.6680615285141632,2,1.0453596114492858
128,-0.053389573607237596,2,"['BLS', 'ACLS', 'CPR']",1,intermediate,-0.22253874279283667,2,-0.16564591858057032
129,-0.053389573607237596,4,"['ACLS', 'CPR', 'NRP']",1,intermediate,-0.33386377670621165,2,-0.23110567696056253
130,-1.4771115364669034,0,['BLS'],1,intermediate,1.5586617998211632,3,-1.016622777520469
131,-1.4771115364669034,0,['BLS'],1,advanced,0.2227613928606633,2,-1.016622777520469
132,0.6584714078225953,4,"['ACLS', 'CPR']",1,intermediate,-1.2244640480132116,3,-0.6238642272405158
133,1.3703323892524282,0,"['ACLS', 'NRP']",1,advanced,0.33408642677403827,2,1.3399285241592507
134,-0.053389573607237596,4,"['CPR', 'PALS', 'BLS']",1,intermediate,0.2227613928606633,3,0.09619311493939857
135,1.3703323892524282,1,"['NRP', 'CPR', 'ACLS']",1,entry-level,1.2246866980810382,2,2.387284658239126
136,1.3703323892524282,1,"['BLS', 'NRP', 'PALS']",1,entry-level,0.5567364946007882,3,1.6017675576792196
137,-0.053389573607237596,4,"['ACLS', 'BLS', 'CPR']",1,advanced,0.8907115963409132,0,0.48895166521935185
138,-0.7652505550370705,1,['PALS'],1,entry-level,-0.8904889462730866,2,-0.7875136231904963
139,-0.053389573607237596,1,"['CPR', 'PALS']",1,advanced,-1.1131390140998365,3,-0.689323985620508
140,-1.4771115364669034,2,"['NRP', 'PALS', 'CPR']",1,intermediate,-0.8904889462730866,2,-1.016622777520469
141,-0.7652505550370705,1,"['PALS', 'NRP', 'ACLS']",1,intermediate,-1.0018139801864616,1,-0.8202435023804925
142,0.6584714078225953,3,"['PALS', 'ACLS']",1,advanced,-1.1131390140998365,2,-0.5256745896705275
143,0.6584714078225953,2,"['BLS', 'ACLS', 'PALS']",1,entry-level,-1.3357890819265865,1,-0.7220538648105042
144,1.3703323892524282,3,"['BLS', 'ACLS', 'PALS']",1,advanced,-0.33386377670621165,1,0.554411423599344
145,0.6584714078225953,2,"['ACLS', 'NRP']",1,advanced,-0.8904889462730866,0,-0.32929531453055083
146,1.3703323892524282,4,"['NRP', 'ACLS']",1,advanced,-0.11121370887946168,2,0.816250457119313
147,-0.053389573607237596,3,"['ACLS', 'CPR', 'BLS']",1,advanced,0.6680615285141632,3,0.3580321484593674
148,-0.7652505550370705,0,"['ACLS', 'BLS', 'CPR']",1,entry-level,1.4473367659077883,3,-0.10018616020057809
149,-1.4771115364669034,3,['PALS'],1,intermediate,1.5586617998211632,0,-1.016622777520469
150,1.3703323892524282,3,"['ACLS', 'CPR']",1,advanced,0.6680615285141632,3,1.732687074439204
151,-0.7652505550370705,4,"['BLS', 'ACLS', 'NRP']",1,advanced,-1.5584391497533365,2,-0.983892898330473
152,-0.053389573607237596,2,"['NRP', 'PALS']",1,entry-level,0.2227613928606633,3,0.09619311493939857
153,-1.4771115364669034,4,['PALS'],1,advanced,0.00011132503391331329,3,-1.016622777520469
154,1.3703323892524282,3,"['CPR', 'NRP', 'BLS']",1,advanced,-1.3357890819265865,2,-0.6238642272405158
155,-0.7652505550370705,0,"['PALS', 'BLS', 'NRP']",1,entry-level,-0.7791639123597116,3,-0.7547837440005003
156,0.6584714078225953,2,"['ACLS', 'PALS']",1,advanced,-1.2244640480132116,1,-0.6238642272405158
157,0.6584714078225953,1,['PALS'],1,intermediate,0.5567364946007882,1,0.9471699738792974
158,-0.053389573607237596,3,['NRP'],1,entry-level,0.2227613928606633,2,0.09619311493939857
159,0.6584714078225953,0,['NRP'],1,intermediate,0.33408642677403827,3,0.7507906987393207
160,1.3703323892524282,4,"['PALS', 'ACLS']",1,entry-level,0.5567364946007882,0,1.6017675576792196
161,0.6584714078225953,4,['PALS'],1,intermediate,1.3360117319944131,0,1.6344974368692156
162,0.6584714078225953,4,"['PALS', 'CPR']",1,intermediate,-0.44518881061958665,0,0.06346323574940245
163,-0.7652505550370705,0,"['BLS', 'PALS', 'ACLS']",1,advanced,-0.8904889462730866,1,-0.7875136231904963
164,-1.4771115364669034,0,['PALS'],1,intermediate,-0.7791639123597116,1,-1.016622777520469
165,1.3703323892524282,3,['BLS'],1,intermediate,-0.8904889462730866,2,-0.10018616020057809
166,-0.053389573607237596,3,['ACLS'],1,advanced,1.2246866980810382,0,0.6853309403593285
167,0.6584714078225953,4,['BLS'],1,advanced,1.4473367659077883,2,1.732687074439204
168,-0.053389573607237596,4,"['BLS', 'CPR']",1,intermediate,1.5586617998211632,1,0.8817102154993052
169,-0.7652505550370705,0,"['CPR', 'ACLS', 'BLS']",1,entry-level,1.3360117319944131,0,-0.1329160393905742
170,-0.7652505550370705,0,['CPR'],1,intermediate,0.1114363589472883,1,-0.4929447104805314
171,-0.7652505550370705,3,"['NRP', 'ACLS']",1,entry-level,-1.2244640480132116,3,-0.8857032607604847
172,-0.053389573607237596,0,"['CPR', 'PALS', 'BLS']",1,advanced,0.5567364946007882,1,0.2925723900793752
173,0.6584714078225953,0,"['BLS', 'PALS', 'CPR']",1,entry-level,0.2227613928606633,3,0.6526010611693324
174,-1.4771115364669034,3,['NRP'],1,intermediate,-1.2244640480132116,3,-1.016622777520469
175,-0.053389573607237596,2,"['BLS', 'CPR', 'PALS']",1,intermediate,1.2246866980810382,0,0.6853309403593285
176,-0.053389573607237596,2,"['ACLS', 'NRP']",1,intermediate,-1.4471141158399616,0,-0.8857032607604847
177,0.6584714078225953,2,"['CPR', 'ACLS', 'PALS']",1,advanced,-0.6678388784463366,1,-0.1329160393905742
178,-0.053389573607237596,1,['ACLS'],1,entry-level,0.4454114606874133,3,0.227112631699383
179,-1.4771115364669034,2,['BLS'],1,entry-level,0.2227613928606633,2,-1.016622777520469
180,-0.7652505550370705,0,"['CPR', 'PALS']",1,advanced,-0.33386377670621165,0,-0.6238642272405158
181,-0.7652505550370705,4,"['PALS', 'BLS']",1,entry-level,1.3360117319944131,0,-0.1329160393905742
182,0.6584714078225953,3,['PALS'],1,intermediate,0.7793865624275382,1,1.143549249019274
183,-1.4771115364669034,2,"['BLS', 'ACLS', 'PALS']",1,intermediate,-0.7791639123597116,2,-1.016622777520469
184,0.6584714078225953,1,"['CPR', 'BLS', 'PALS']",1,entry-level,0.5567364946007882,0,0.9471699738792974
185,1.3703323892524282,4,"['PALS', 'ACLS', 'CPR']",1,advanced,0.7793865624275382,3,1.8636065911991884
186,-1.4771115364669034,3,"['CPR', 'PALS']",1,entry-level,-0.8904889462730866,0,-1.016622777520469
187,-0.7652505550370705,1,['ACLS'],1,entry-level,0.7793865624275382,0,-0.29656543534055474
188,-1.4771115364669034,1,"['BLS', 'PALS']",1,intermediate,0.6680615285141632,2,-1.016622777520469
189,-0.7652505550370705,2,"['ACLS', 'CPR', 'BLS']",1,advanced,0.00011132503391331329,2,-0.5256745896705275
190,-0.053389573607237596,1,"['BLS', 'NRP', 'CPR']",1,advanced,-0.22253874279283667,1,-0.16564591858057032
191,-0.7652505550370705,1,"['BLS', 'PALS']",1,entry-level,-0.22253874279283667,2,-0.5911343480505197
192,-0.7652505550370705,4,"['ACLS', 'PALS', 'BLS']",1,advanced,0.8907115963409132,1,-0.26383555615055865
193,1.3703323892524282,2,"['CPR', 'ACLS', 'BLS']",1,intermediate,-0.22253874279283667,1,0.6853309403593285
194,-0.053389573607237596,3,"['BLS', 'ACLS', 'PALS']",1,advanced,0.4454114606874133,3,0.227112631699383
195,-0.7652505550370705,2,['NRP'],1,advanced,-0.33386377670621165,3,-0.6238642272405158
196,1.3703323892524282,0,"['BLS', 'PALS']",1,intermediate,-1.2244640480132116,0,-0.4929447104805314
197,0.6584714078225953,2,"['CPR', 'PALS']",1,advanced,-1.1131390140998365,0,-0.5256745896705275
198,-0.7652505550370705,3,['CPR'],1,entry-level,0.8907115963409132,2,-0.26383555615055865
199,1.3703323892524282,2,"['CPR', 'PALS', 'BLS']",1,entry-level,-1.0018139801864616,2,-0.23110567696056253
200,-1.4771115364669034,3,['CPR'],1,entry-level,-0.11121370887946168,0,-1.016622777520469
201,-0.053389573607237596,0,['PALS'],1,intermediate,0.1114363589472883,3,0.030733356559406348
202,-1.4771115364669034,0,"['CPR', 'NRP', 'PALS']",1,advanced,-0.6678388784463366,0,-1.016622777520469
203,0.6584714078225953,2,"['ACLS', 'PALS', 'BLS']",1,advanced,0.4454114606874133,2,0.848980336309309
204,-1.4771115364669034,0,"['CPR', 'PALS', 'BLS']",1,advanced,1.2246866980810382,0,-1.016622777520469
205,-0.7652505550370705,4,"['NRP', 'ACLS']",1,entry-level,-1.6697641836667114,0,-1.016622777520469
206,-1.4771115364669034,4,"['ACLS', 'BLS']",1,advanced,-0.5565138445329616,2,-1.016622777520469
207,-0.7652505550370705,2,['PALS'],1,intermediate,-0.8904889462730866,3,-0.7875136231904963
208,-1.4771115364669034,3,"['PALS', 'BLS']",1,intermediate,-0.44518881061958665,0,-1.016622777520469
209,0.6584714078225953,3,"['NRP', 'ACLS']",1,intermediate,1.5586617998211632,2,1.8308767120091922
210,-0.053389573607237596,0,['PALS'],1,entry-level,1.4473367659077883,0,0.816250457119313
211,-1.4771115364669034,4,['ACLS'],1,entry-level,-1.3357890819265865,3,-1.016622777520469
212,-1.4771115364669034,0,['PALS'],1,intermediate,-1.4471141158399616,2,-1.016622777520469
213,1.3703323892524282,3,"['CPR', 'PALS']",1,intermediate,0.4454114606874133,3,1.470848040919235
214,0.6584714078225953,4,"['BLS', 'CPR']",1,advanced,0.00011132503391331329,3,0.45622178602935576
215,0.6584714078225953,1,"['PALS', 'BLS']",1,intermediate,1.1133616641676631,1,1.4381181617292391
216,-0.7652505550370705,0,"['BLS', 'ACLS']",1,advanced,-1.3357890819265865,2,-0.9184331399504808
217,0.6584714078225953,3,"['BLS', 'NRP', 'ACLS']",1,intermediate,0.1114363589472883,1,0.554411423599344
218,-0.053389573607237596,0,"['CPR', 'BLS', 'ACLS']",1,entry-level,-1.3357890819265865,3,-0.8202435023804925
219,1.3703323892524282,4,['BLS'],1,intermediate,-1.3357890819265865,2,-0.6238642272405158
220,1.3703323892524282,0,"['ACLS', 'PALS', 'CPR']",1,advanced,-1.4471141158399616,3,-0.7547837440005003
221,-0.7652505550370705,0,"['ACLS', 'PALS', 'CPR']",1,entry-level,-1.3357890819265865,3,-0.9184331399504808
222,-0.053389573607237596,1,"['ACLS', 'PALS']",1,intermediate,0.2227613928606633,1,0.09619311493939857
223,0.6584714078225953,3,['CPR'],1,intermediate,-1.5584391497533365,1,-0.9184331399504808
224,-1.4771115364669034,1,"['CPR', 'NRP']",1,entry-level,0.6680615285141632,0,-1.016622777520469
225,-0.7652505550370705,3,"['BLS', 'ACLS', 'PALS']",1,advanced,0.1114363589472883,1,-0.4929447104805314
226,-1.4771115364669034,1,"['NRP', 'PALS']",1,advanced,-0.22253874279283667,0,-1.016622777520469
227,-0.7652505550370705,2,['BLS'],1,entry-level,-0.11121370887946168,3,-0.5584044688605236
228,-0.053389573607237596,1,['CPR'],1,intermediate,-0.7791639123597116,0,-0.4929447104805314
229,0.6584714078225953,4,"['CPR', 'BLS', 'NRP']",1,advanced,-1.6697641836667114,0,-1.016622777520469
230,0.6584714078225953,3,"['NRP', 'ACLS']",1,entry-level,-0.6678388784463366,2,-0.1329160393905742
231,1.3703323892524282,4,['BLS'],1,intermediate,1.5586617998211632,1,2.7800432085190794
232,-0.053389573607237596,4,['CPR'],1,entry-level,-1.6697641836667114,1,-1.016622777520469
233,1.3703323892524282,2,['CPR'],1,advanced,-0.44518881061958665,3,0.42349190683935967
234,-0.7652505550370705,1,"['CPR', 'ACLS', 'PALS']",1,entry-level,0.7793865624275382,3,-0.29656543534055474
235,-0.053389573607237596,4,['ACLS'],1,intermediate,1.669986833734538,2,0.9471699738792974
236,0.6584714078225953,2,['NRP'],1,advanced,1.0020366302542882,3,1.3399285241592507
237,-0.7652505550370705,3,['CPR'],1,advanced,0.8907115963409132,3,-0.26383555615055865
238,1.3703323892524282,3,"['PALS', 'ACLS', 'NRP']",1,intermediate,-1.2244640480132116,2,-0.4929447104805314
239,-0.053389573607237596,3,"['PALS', 'CPR']",1,advanced,-1.5584391497533365,0,-0.951163019140477
240,1.3703323892524282,2,"['CPR', 'NRP']",1,entry-level,1.5586617998211632,0,2.7800432085190794
241,1.3703323892524282,3,"['PALS', 'ACLS', 'CPR']",1,entry-level,-0.6678388784463366,0,0.1616528733193908
242,-0.053389573607237596,1,['PALS'],1,advanced,-1.0018139801864616,2,-0.6238642272405158
243,-1.4771115364669034,4,['ACLS'],1,entry-level,0.2227613928606633,1,-1.016622777520469
244,1.3703323892524282,0,"['PALS', 'BLS', 'CPR']",1,entry-level,1.0020366302542882,0,2.125445624719157
245,1.3703323892524282,3,"['PALS', 'ACLS', 'NRP']",1,entry-level,0.7793865624275382,0,1.8636065911991884
246,0.6584714078225953,3,"['ACLS', 'CPR', 'PALS']",1,entry-level,-1.2244640480132116,2,-0.6238642272405158
247,1.3703323892524282,2,"['CPR', 'NRP', 'PALS']",1,entry-level,-0.22253874279283667,2,0.6853309403593285
248,-0.7652505550370705,3,['BLS'],1,entry-level,1.669986833734538,2,-0.03472640182058587
249,-0.053389573607237596,0,"['PALS', 'ACLS', 'CPR']",1,intermediate,1.3360117319944131,3,0.7507906987393207
250,0.6584714078225953,3,"['PALS', 'BLS']",1,intermediate,-1.2244640480132116,1,-0.6238642272405158
251,-1.4771115364669034,2,"['PALS', 'CPR', 'BLS']",1,entry-level,-0.8904889462730866,1,-1.016622777520469
252,-0.053389573607237596,1,"['BLS', 'ACLS', 'CPR']",1,entry-level,-1.1131390140998365,1,-0.689323985620508
253,0.6584714078225953,4,['CPR'],1,entry-level,-0.33386377670621165,0,0.1616528733193908
254,0.6584714078225953,2,['ACLS'],1,advanced,1.4473367659077883,3,1.732687074439204
255,-0.053389573607237596,1,"['PALS', 'ACLS']",1,intermediate,0.5567364946007882,2,0.2925723900793752
256,1.3703323892524282,1,"['CPR', 'PALS', 'BLS']",1,entry-level,1.1133616641676631,0,2.2563651414791415
257,-0.7652505550370705,3,"['PALS', 'ACLS', 'CPR']",1,entry-level,-1.1131390140998365,1,-0.8529733815704886
258,-0.7652505550370705,2,"['PALS', 'ACLS']",1,advanced,0.00011132503391331329,0,-0.5256745896705275
259,-0.053389573607237596,1,"['ACLS', 'BLS']",1,entry-level,-1.3357890819265865,2,-0.8202435023804925
260,-0.053389573607237596,0,"['BLS', 'PALS', 'NRP']",1,advanced,-0.5565138445329616,3,-0.362025193720547
261,1.3703323892524282,4,['BLS'],1,intermediate,0.7793865624275382,2,1.8636065911991884
262,-0.7652505550370705,2,['ACLS'],1,intermediate,0.33408642677403827,0,-0.42748495210053916
263,0.6584714078225953,1,"['BLS', 'NRP', 'CPR']",1,entry-level,1.3360117319944131,1,1.6344974368692156
264,0.6584714078225953,3,"['ACLS', 'CPR']",1,intermediate,1.2246866980810382,3,1.5363077992992273
265,-0.053389573607237596,2,"['ACLS', 'CPR']",1,advanced,-1.2244640480132116,2,-0.7547837440005003
266,-0.053389573607237596,1,"['ACLS', 'BLS', 'CPR']",1,entry-level,1.5586617998211632,0,0.8817102154993052
267,0.6584714078225953,0,"['ACLS', 'BLS', 'CPR']",1,intermediate,0.6680615285141632,3,1.0453596114492858
268,-1.4771115364669034,3,['NRP'],1,entry-level,0.2227613928606633,2,-1.016622777520469
269,0.6584714078225953,4,"['NRP', 'ACLS', 'CPR']",1,entry-level,-1.5584391497533365,0,-0.9184331399504808
270,-0.7652505550370705,0,"['BLS', 'CPR']",1,entry-level,1.3360117319944131,2,-0.1329160393905742
271,-0.7652505550370705,0,"['BLS', 'PALS']",1,advanced,0.00011132503391331329,0,-0.5256745896705275
272,-0.053389573607237596,0,"['PALS', 'BLS', 'ACLS']",1,entry-level,0.2227613928606633,0,0.09619311493939857
273,-0.7652505550370705,3,"['CPR', 'BLS']",1,entry-level,-0.6678388784463366,1,-0.7220538648105042
274,-1.4771115364669034,4,"['PALS', 'BLS', 'CPR']",1,intermediate,-0.33386377670621165,3,-1.016622777520469
275,0.6584714078225953,3,"['BLS', 'NRP']",1,advanced,-1.0018139801864616,0,-0.42748495210053916
276,0.6584714078225953,2,"['CPR', 'NRP', 'ACLS']",1,advanced,1.0020366302542882,3,1.3399285241592507
277,-0.7652505550370705,3,"['ACLS', 'NRP']",1,entry-level,-1.5584391497533365,0,-0.983892898330473
278,0.6584714078225953,3,['CPR'],1,entry-level,-1.3357890819265865,2,-0.7220538648105042
279,-1.4771115364669034,3,"['BLS', 'ACLS']",1,entry-level,0.6680615285141632,0,-1.016622777520469
280,0.6584714078225953,2,"['BLS', 'NRP', 'PALS']",1,intermediate,-1.3357890819265865,3,-0.7220538648105042
281,-1.4771115364669034,4,['PALS'],1,intermediate,-1.6697641836667114,3,-1.016622777520469
282,-0.053389573607237596,3,"['ACLS', 'CPR']",1,intermediate,0.7793865624275382,1,0.42349190683935967
283,0.6584714078225953,0,['CPR'],1,advanced,-0.5565138445329616,2,-0.03472640182058587
284,-0.053389573607237596,0,['PALS'],1,intermediate,1.0020366302542882,3,0.554411423599344
285,1.3703323892524282,1,"['CPR', 'ACLS']",1,intermediate,1.0020366302542882,2,2.125445624719157
286,-0.7652505550370705,0,"['NRP', 'BLS', 'CPR']",1,intermediate,-1.3357890819265865,2,-0.9184331399504808
287,1.3703323892524282,1,"['ACLS', 'NRP', 'PALS']",1,advanced,-0.11121370887946168,0,0.816250457119313
288,1.3703323892524282,3,['PALS'],1,intermediate,0.5567364946007882,2,1.6017675576792196
289,-0.7652505550370705,1,"['PALS', 'ACLS', 'NRP']",1,advanced,1.4473367659077883,1,-0.10018616020057809
290,-0.7652505550370705,1,"['NRP', 'PALS']",1,entry-level,-0.5565138445329616,3,-0.689323985620508
291,-0.053389573607237596,3,"['PALS', 'NRP', 'CPR']",1,entry-level,-0.7791639123597116,3,-0.4929447104805314
292,1.3703323892524282,0,['ACLS'],1,intermediate,1.1133616641676631,0,2.2563651414791415
293,-1.4771115364669034,0,"['BLS', 'ACLS', 'NRP']",1,intermediate,1.5586617998211632,0,-1.016622777520469
294,-0.053389573607237596,1,"['NRP', 'PALS', 'BLS']",1,advanced,-0.6678388784463366,2,-0.42748495210053916
295,-1.4771115364669034,0,['CPR'],1,advanced,1.4473367659077883,0,-1.016622777520469
296,0.6584714078225953,1,"['NRP', 'CPR', 'PALS']",1,entry-level,-0.44518881061958665,1,0.06346323574940245
297,-1.4771115364669034,2,"['CPR', 'ACLS', 'PALS']",1,advanced,0.00011132503391331329,2,-1.016622777520469
298,0.6584714078225953,3,"['CPR', 'PALS']",1,entry-level,1.669986833734538,2,1.9290663495791807
299,-0.053389573607237596,0,['NRP'],1,intermediate,1.669986833734538,0,0.9471699738792974
300,-1.4771115364669034,4,['PALS'],1,entry-level,-0.44518881061958665,0,-1.016622777520469
301,0.6584714078225953,2,"['NRP', 'PALS']",1,intermediate,-0.6678388784463366,3,-0.1329160393905742
302,0.6584714078225953,2,"['BLS', 'NRP', 'CPR']",1,entry-level,1.4473367659077883,1,1.732687074439204
303,-0.7652505550370705,3,"['BLS', 'CPR', 'NRP']",1,entry-level,0.00011132503391331329,0,-0.5256745896705275
304,0.6584714078225953,0,"['CPR', 'ACLS', 'BLS']",1,entry-level,0.5567364946007882,3,0.9471699738792974
305,-1.4771115364669034,0,['ACLS'],1,intermediate,-1.2244640480132116,3,-1.016622777520469
306,-0.053389573607237596,0,"['PALS', 'CPR', 'BLS']",1,intermediate,1.2246866980810382,3,0.6853309403593285
307,-1.4771115364669034,3,"['NRP', 'PALS', 'CPR']",1,intermediate,0.8907115963409132,2,-1.016622777520469
308,0.6584714078225953,0,"['ACLS', 'NRP']",1,entry-level,1.0020366302542882,0,1.3399285241592507
309,-0.7652505550370705,2,"['CPR', 'BLS', 'PALS']",1,advanced,-0.6678388784463366,2,-0.7220538648105042
310,1.3703323892524282,3,"['CPR', 'PALS', 'ACLS']",1,entry-level,-0.11121370887946168,0,0.816250457119313
311,-1.4771115364669034,1,"['BLS', 'PALS', 'CPR']",1,entry-level,-0.5565138445329616,2,-1.016622777520469
312,-0.7652505550370705,4,['BLS'],1,intermediate,0.00011132503391331329,2,-0.5256745896705275
313,-0.053389573607237596,2,"['PALS', 'NRP', 'CPR']",1,advanced,-0.8904889462730866,3,-0.5584044688605236
314,0.6584714078225953,0,['PALS'],1,advanced,1.669986833734538,2,1.9290663495791807
315,-0.7652505550370705,2,['PALS'],1,entry-level,1.669986833734538,3,-0.03472640182058587
316,-1.4771115364669034,3,"['BLS', 'PALS', 'ACLS']",1,advanced,-0.5565138445329616,2,-1.016622777520469
317,1.3703323892524282,0,"['NRP', 'ACLS', 'BLS']",1,entry-level,0.00011132503391331329,2,0.9471699738792974
318,-0.7652505550370705,0,['CPR'],1,entry-level,-0.5565138445329616,2,-0.689323985620508
319,-1.4771115364669034,3,"['BLS', 'ACLS', 'PALS']",1,intermediate,-0.44518881061958665,0,-1.016622777520469
320,-1.4771115364669034,1,"['PALS', 'CPR', 'BLS']",1,entry-level,-0.44518881061958665,3,-1.016622777520469
321,-0.053389573607237596,4,"['BLS', 'NRP', 'PALS']",1,intermediate,1.1133616641676631,2,0.6198711819793363
322,1.3703323892524282,4,"['NRP', 'BLS', 'PALS']",1,advanced,0.5567364946007882,1,1.6017675576792196
323,1.3703323892524282,1,"['CPR', 'NRP', 'BLS']",1,entry-level,1.5586617998211632,1,2.7800432085190794
324,0.6584714078225953,2,"['NRP', 'PALS']",1,advanced,1.4473367659077883,1,1.732687074439204
325,1.3703323892524282,3,"['ACLS', 'CPR']",1,entry-level,0.6680615285141632,3,1.732687074439204
326,0.6584714078225953,1,"['NRP', 'PALS']",1,advanced,-1.1131390140998365,2,-0.5256745896705275
327,1.3703323892524282,1,"['NRP', 'BLS', 'ACLS']",1,intermediate,-0.5565138445329616,2,0.2925723900793752
328,-1.4771115364669034,1,"['CPR', 'BLS']",1,entry-level,-1.1131390140998365,1,-1.016622777520469
329,1.3703323892524282,3,['BLS'],1,intermediate,0.8907115963409132,3,1.994526107959173
330,-1.4771115364669034,3,['CPR'],1,intermediate,0.5567364946007882,0,-1.016622777520469
331,-0.7652505550370705,1,['ACLS'],1,intermediate,-1.6697641836667114,2,-1.016622777520469
332,0.6584714078225953,4,"['ACLS', 'PALS']",1,advanced,-0.8904889462730866,1,-0.32929531453055083
333,-0.053389573607237596,4,"['PALS', 'NRP', 'ACLS']",1,entry-level,1.3360117319944131,3,0.7507906987393207
334,-1.4771115364669034,1,['CPR'],1,entry-level,1.1133616641676631,2,-1.016622777520469
335,0.6584714078225953,2,"['NRP', 'CPR']",1,intermediate,-1.4471141158399616,3,-0.8202435023804925
336,-1.4771115364669034,4,"['PALS', 'BLS', 'CPR']",1,intermediate,-0.7791639123597116,1,-1.016622777520469
337,0.6584714078225953,0,"['BLS', 'PALS']",1,entry-level,-0.22253874279283667,0,0.2598425108893791
338,0.6584714078225953,1,"['ACLS', 'NRP', 'CPR']",1,advanced,1.3360117319944131,0,1.6344974368692156
339,-1.4771115364669034,3,"['CPR', 'ACLS']",1,entry-level,1.669986833734538,0,-1.016622777520469
340,-0.053389573607237596,0,['PALS'],1,advanced,1.5586617998211632,2,0.8817102154993052
341,0.6584714078225953,4,['BLS'],1,entry-level,-1.5584391497533365,1,-0.9184331399504808
342,1.3703323892524282,1,"['CPR', 'PALS', 'NRP']",1,advanced,-1.6697641836667114,2,-1.016622777520469
343,0.6584714078225953,2,"['BLS', 'PALS', 'CPR']",1,entry-level,1.1133616641676631,0,1.4381181617292391
344,1.3703323892524282,0,['ACLS'],1,advanced,1.4473367659077883,0,2.649123691759095
345,-0.053389573607237596,3,['PALS'],1,intermediate,0.4454114606874133,1,0.227112631699383
346,1.3703323892524282,3,['PALS'],1,advanced,-1.5584391497533365,0,-0.8857032607604847
347,-0.7652505550370705,3,"['BLS', 'CPR']",1,intermediate,0.6680615285141632,2,-0.32929531453055083
348,-0.053389573607237596,0,"['CPR', 'NRP']",1,entry-level,1.3360117319944131,3,0.7507906987393207
349,-0.7652505550370705,2,"['BLS', 'PALS']",1,intermediate,-1.1131390140998365,1,-0.8529733815704886
350,-0.053389573607237596,2,"['PALS', 'ACLS']",1,advanced,-1.6697641836667114,2,-1.016622777520469
351,-0.7652505550370705,2,"['NRP', 'BLS', 'ACLS']",1,advanced,1.5586617998211632,2,-0.06745628101058197
352,-0.7652505550370705,1,"['ACLS', 'CPR', 'PALS']",1,intermediate,1.0020366302542882,2,-0.23110567696056253
353,1.3703323892524282,3,['BLS'],1,advanced,-0.6678388784463366,0,0.1616528733193908
354,-0.7652505550370705,4,"['CPR', 'ACLS']",1,entry-level,-0.33386377670621165,0,-0.6238642272405158
355,-1.4771115364669034,0,"['BLS', 'PALS']",1,intermediate,-0.8904889462730866,0,-1.016622777520469
356,-0.053389573607237596,4,"['ACLS', 'CPR']",1,intermediate,-0.5565138445329616,0,-0.362025193720547
357,-0.7652505550370705,0,"['BLS', 'NRP']",1,entry-level,0.00011132503391331329,3,-0.5256745896705275
358,1.3703323892524282,3,"['CPR', 'ACLS']",1,advanced,0.5567364946007882,1,1.6017675576792196
359,-0.053389573607237596,1,"['NRP', 'ACLS', 'CPR']",1,entry-level,-0.8904889462730866,1,-0.5584044688605236
360,1.3703323892524282,4,['CPR'],1,advanced,-1.4471141158399616,3,-0.7547837440005003
361,0.6584714078225953,2,"['BLS', 'ACLS', 'PALS']",1,intermediate,-0.44518881061958665,0,0.06346323574940245
362,-0.7652505550370705,2,"['BLS', 'NRP']",1,intermediate,0.1114363589472883,3,-0.4929447104805314
363,-0.7652505550370705,0,"['BLS', 'PALS', 'CPR']",1,entry-level,-1.5584391497533365,3,-0.983892898330473
364,1.3703323892524282,2,['ACLS'],1,intermediate,0.6680615285141632,0,1.732687074439204
365,-0.7652505550370705,3,"['PALS', 'ACLS', 'BLS']",1,intermediate,0.4454114606874133,3,-0.39475507291054307
366,-0.7652505550370705,4,"['NRP', 'PALS']",1,entry-level,-1.1131390140998365,3,-0.8529733815704886
367,0.6584714078225953,1,"['ACLS', 'PALS']",1,advanced,1.1133616641676631,1,1.4381181617292391
368,-0.7652505550370705,2,"['BLS', 'PALS', 'ACLS']",1,entry-level,1.5586617998211632,1,-0.06745628101058197
369,0.6584714078225953,3,['CPR'],1,intermediate,-0.7791639123597116,3,-0.23110567696056253
370,-0.7652505550370705,3,['NRP'],1,entry-level,0.1114363589472883,0,-0.4929447104805314
371,1.3703323892524282,3,['NRP'],1,intermediate,-1.0018139801864616,3,-0.23110567696056253
372,-0.053389573607237596,2,"['PALS', 'NRP']",1,intermediate,0.2227613928606633,2,0.09619311493939857
373,0.6584714078225953,2,"['NRP', 'BLS', 'ACLS']",1,advanced,0.6680615285141632,2,1.0453596114492858
374,-0.7652505550370705,2,"['CPR', 'ACLS', 'NRP']",1,entry-level,1.0020366302542882,2,-0.23110567696056253
375,-0.053389573607237596,4,['BLS'],1,advanced,1.4473367659077883,2,0.816250457119313
376,-0.053389573607237596,0,['ACLS'],1,advanced,1.669986833734538,0,0.9471699738792974
377,1.3703323892524282,3,"['NRP', 'ACLS', 'BLS']",1,advanced,0.33408642677403827,1,1.3399285241592507
378,1.3703323892524282,0,"['BLS', 'PALS', 'ACLS']",1,intermediate,-0.6678388784463366,0,0.1616528733193908
379,0.6584714078225953,4,['ACLS'],1,intermediate,-0.33386377670621165,1,0.1616528733193908
380,-0.053389573607237596,2,"['BLS', 'ACLS']",1,entry-level,0.00011132503391331329,3,-0.03472640182058587
381,-1.4771115364669034,2,['PALS'],1,advanced,0.33408642677403827,2,-1.016622777520469
382,-0.053389573607237596,0,['NRP'],1,advanced,0.6680615285141632,1,0.3580321484593674
383,0.6584714078225953,2,"['ACLS', 'NRP', 'PALS']",1,entry-level,1.2246866980810382,3,1.5363077992992273
384,1.3703323892524282,2,"['PALS', 'ACLS', 'BLS']",1,intermediate,-1.2244640480132116,1,-0.4929447104805314
385,-1.4771115364669034,1,['NRP'],1,entry-level,-1.1131390140998365,3,-1.016622777520469
386,-1.4771115364669034,3,"['CPR', 'ACLS']",1,advanced,1.4473367659077883,1,-1.016622777520469
387,-0.7652505550370705,0,"['PALS', 'ACLS']",1,entry-level,-1.3357890819265865,2,-0.9184331399504808
388,-0.053389573607237596,4,"['PALS', 'NRP']",1,intermediate,0.5567364946007882,2,0.2925723900793752
389,-0.7652505550370705,4,"['PALS', 'BLS']",1,advanced,1.1133616641676631,0,-0.1983757977705664
390,-0.053389573607237596,0,['ACLS'],1,intermediate,0.1114363589472883,0,0.030733356559406348
391,-0.7652505550370705,2,"['ACLS', 'BLS', 'PALS']",1,intermediate,-0.33386377670621165,1,-0.6238642272405158
392,-1.4771115364669034,3,['ACLS'],1,advanced,-1.5584391497533365,0,-1.016622777520469
393,-0.7652505550370705,2,"['PALS', 'CPR']",1,advanced,-1.6697641836667114,1,-1.016622777520469
394,1.3703323892524282,3,"['PALS', 'BLS', 'NRP']",1,intermediate,0.00011132503391331329,1,0.9471699738792974
395,0.6584714078225953,1,['PALS'],1,advanced,-1.5584391497533365,0,-0.9184331399504808
396,-1.4771115364669034,1,['PALS'],1,advanced,0.4454114606874133,0,-1.016622777520469
397,0.6584714078225953,4,"['ACLS', 'NRP']",1,intermediate,0.00011132503391331329,2,0.45622178602935576
398,1.3703323892524282,1,"['PALS', 'NRP']",1,intermediate,0.8907115963409132,1,1.994526107959173
399,0.6584714078225953,2,"['PALS', 'BLS', 'NRP']",1,advanced,1.669986833734538,0,1.9290663495791807
400,-0.7652505550370705,0,"['CPR', 'PALS']",1,advanced,1.669986833734538,2,-0.03472640182058587
401,-0.053389573607237596,1,"['CPR', 'PALS']",1,advanced,-0.33386377670621165,3,-0.23110567696056253
402,0.6584714078225953,4,['NRP'],1,entry-level,-0.6678388784463366,0,-0.1329160393905742
403,-0.7652505550370705,0,"['ACLS', 'BLS']",1,entry-level,-0.11121370887946168,0,-0.5584044688605236
404,-0.053389573607237596,4,"['ACLS', 'CPR']",1,entry-level,-0.33386377670621165,1,-0.23110567696056253
405,-0.053389573607237596,2,"['CPR', 'BLS']",1,intermediate,-0.6678388784463366,2,-0.42748495210053916
406,1.3703323892524282,1,"['BLS', 'NRP']",1,entry-level,0.2227613928606633,0,1.2090090073992663
407,-1.4771115364669034,2,['CPR'],1,advanced,1.669986833734538,0,-1.016622777520469
408,0.6584714078225953,1,"['BLS', 'PALS', 'NRP']",1,advanced,1.0020366302542882,1,1.3399285241592507
409,-0.053389573607237596,2,"['PALS', 'BLS', 'NRP']",1,entry-level,-0.8904889462730866,1,-0.5584044688605236
410,1.3703323892524282,0,"['BLS', 'ACLS']",1,intermediate,0.33408642677403827,1,1.3399285241592507
411,0.6584714078225953,2,"['PALS', 'NRP']",1,advanced,-1.0018139801864616,0,-0.42748495210053916
412,0.6584714078225953,2,['NRP'],1,advanced,0.1114363589472883,2,0.554411423599344
413,-0.7652505550370705,3,['CPR'],1,advanced,-0.7791639123597116,1,-0.7547837440005003
414,-0.7652505550370705,1,"['PALS', 'BLS']",1,intermediate,-0.44518881061958665,0,-0.656594106430512
415,1.3703323892524282,0,"['BLS', 'PALS', 'ACLS']",1,advanced,1.5586617998211632,2,2.7800432085190794
416,-1.4771115364669034,1,"['NRP', 'ACLS']",1,advanced,-1.0018139801864616,3,-1.016622777520469
417,-0.053389573607237596,1,"['PALS', 'NRP', 'CPR']",1,intermediate,0.5567364946007882,0,0.2925723900793752
418,-1.4771115364669034,4,"['PALS', 'ACLS']",1,advanced,0.6680615285141632,3,-1.016622777520469
419,-0.7652505550370705,0,['NRP'],1,intermediate,-0.5565138445329616,0,-0.689323985620508
420,0.6584714078225953,4,['ACLS'],1,intermediate,0.6680615285141632,0,1.0453596114492858
421,-1.4771115364669034,1,['PALS'],1,intermediate,0.5567364946007882,1,-1.016622777520469
422,1.3703323892524282,4,"['CPR', 'ACLS', 'PALS']",1,entry-level,0.00011132503391331329,1,0.9471699738792974
423,0.6584714078225953,3,['PALS'],1,entry-level,0.8907115963409132,1,1.2417388865892625
424,-1.4771115364669034,0,['CPR'],1,intermediate,0.33408642677403827,2,-1.016622777520469
425,-0.053389573607237596,4,['NRP'],1,intermediate,1.1133616641676631,1,0.6198711819793363
426,0.6584714078225953,3,"['ACLS', 'CPR']",1,advanced,0.8907115963409132,0,1.2417388865892625
427,1.3703323892524282,3,['NRP'],1,intermediate,-0.11121370887946168,1,0.816250457119313
428,-0.7652505550370705,2,"['NRP', 'CPR', 'PALS']",1,intermediate,0.2227613928606633,1,-0.46021483129053525
429,1.3703323892524282,1,"['PALS', 'BLS', 'ACLS']",1,entry-level,0.2227613928606633,1,1.2090090073992663
430,-0.053389573607237596,0,"['NRP', 'BLS', 'ACLS']",1,advanced,-0.5565138445329616,3,-0.362025193720547
431,0.6584714078225953,4,"['BLS', 'NRP']",1,entry-level,-0.44518881061958665,3,0.06346323574940245
432,1.3703323892524282,0,"['PALS', 'BLS', 'ACLS']",1,intermediate,1.669986833734538,0,2.9109627252790635
433,-0.053389573607237596,3,"['PALS', 'NRP', 'ACLS']",1,entry-level,0.4454114606874133,2,0.227112631699383
434,1.3703323892524282,3,['BLS'],1,advanced,-0.22253874279283667,2,0.6853309403593285
435,-1.4771115364669034,4,"['BLS', 'ACLS']",1,advanced,0.2227613928606633,3,-1.016622777520469
436,1.3703323892524282,3,['NRP'],1,entry-level,0.00011132503391331329,0,0.9471699738792974
437,1.3703323892524282,0,"['BLS', 'ACLS']",1,advanced,-0.22253874279283667,1,0.6853309403593285
438,-1.4771115364669034,3,"['CPR', 'ACLS', 'NRP']",1,entry-level,-1.5584391497533365,0,-1.016622777520469
439,-0.7652505550370705,2,"['BLS', 'CPR', 'ACLS']",1,intermediate,0.33408642677403827,1,-0.42748495210053916
440,-0.053389573607237596,2,['NRP'],1,intermediate,1.2246866980810382,1,0.6853309403593285
441,0.6584714078225953,1,"['PALS', 'ACLS']",1,intermediate,1.669986833734538,2,1.9290663495791807
442,1.3703323892524282,2,['PALS'],1,advanced,-0.33386377670621165,3,0.554411423599344
443,0.6584714078225953,2,['NRP'],1,advanced,-1.6697641836667114,3,-1.016622777520469
444,0.6584714078225953,2,['ACLS'],1,advanced,1.669986833734538,2,1.9290663495791807
445,1.3703323892524282,0,"['ACLS', 'PALS']",1,entry-level,-0.7791639123597116,2,0.030733356559406348
446,0.6584714078225953,3,"['PALS', 'BLS', 'ACLS']",1,intermediate,1.2246866980810382,1,1.5363077992992273
447,-0.053389573607237596,4,['ACLS'],1,advanced,1.1133616641676631,2,0.6198711819793363
448,-0.7652505550370705,3,['ACLS'],1,advanced,-1.6697641836667114,2,-1.016622777520469
449,-1.4771115364669034,3,['ACLS'],1,advanced,1.1133616641676631,2,-1.016622777520469
450,0.6584714078225953,3,"['PALS', 'ACLS', 'BLS']",1,entry-level,0.4454114606874133,2,0.848980336309309
451,-0.053389573607237596,4,"['CPR', 'BLS', 'PALS']",1,entry-level,0.00011132503391331329,1,-0.03472640182058587
452,1.3703323892524282,2,"['BLS', 'NRP', 'CPR']",1,intermediate,-0.7791639123597116,2,0.030733356559406348
453,0.6584714078225953,3,['CPR'],1,entry-level,0.4454114606874133,3,0.848980336309309
454,1.3703323892524282,3,['CPR'],1,intermediate,-1.2244640480132116,2,-0.4929447104805314
455,-0.7652505550370705,3,"['NRP', 'ACLS']",1,entry-level,1.1133616641676631,0,-0.1983757977705664
456,-0.053389573607237596,1,"['PALS', 'NRP', 'CPR']",1,entry-level,-1.2244640480132116,3,-0.7547837440005003
457,-1.4771115364669034,2,"['PALS', 'CPR']",1,entry-level,0.1114363589472883,0,-1.016622777520469
458,1.3703323892524282,2,"['NRP', 'PALS']",1,advanced,-0.11121370887946168,2,0.816250457119313
459,0.6584714078225953,3,"['NRP', 'CPR']",1,intermediate,0.4454114606874133,1,0.848980336309309
460,1.3703323892524282,1,"['BLS', 'NRP']",1,advanced,-0.22253874279283667,1,0.6853309403593285
461,1.3703323892524282,2,"['ACLS', 'CPR']",1,intermediate,-1.3357890819265865,1,-0.6238642272405158
462,1.3703323892524282,3,"['BLS', 'NRP']",1,intermediate,0.8907115963409132,3,1.994526107959173
463,-1.4771115364669034,3,"['ACLS', 'CPR']",1,intermediate,-1.0018139801864616,0,-1.016622777520469
464,1.3703323892524282,1,"['ACLS', 'CPR']",1,entry-level,-1.0018139801864616,1,-0.23110567696056253
465,1.3703323892524282,4,"['BLS', 'ACLS', 'CPR']",1,advanced,-1.5584391497533365,1,-0.8857032607604847
466,-0.053389573607237596,2,['BLS'],1,entry-level,-0.6678388784463366,0,-0.42748495210053916
467,-0.053389573607237596,1,"['ACLS', 'BLS']",1,advanced,0.5567364946007882,1,0.2925723900793752
468,0.6584714078225953,0,"['ACLS', 'CPR']",1,advanced,1.0020366302542882,0,1.3399285241592507
469,-0.7652505550370705,3,"['BLS', 'PALS', 'CPR']",1,advanced,0.00011132503391331329,2,-0.5256745896705275
470,1.3703323892524282,3,"['BLS', 'ACLS']",1,advanced,-0.8904889462730866,1,-0.10018616020057809
471,-1.4771115364669034,1,"['CPR', 'ACLS', 'BLS']",1,entry-level,0.4454114606874133,3,-1.016622777520469
472,-0.053389573607237596,4,"['BLS', 'CPR', 'NRP']",1,intermediate,1.0020366302542882,2,0.554411423599344
473,-0.053389573607237596,2,['PALS'],1,entry-level,-1.0018139801864616,3,-0.6238642272405158
474,0.6584714078225953,0,['CPR'],1,entry-level,-1.4471141158399616,2,-0.8202435023804925
475,-1.4771115364669034,3,['PALS'],1,entry-level,0.2227613928606633,3,-1.016622777520469
476,-0.7652505550370705,2,"['NRP', 'BLS', 'PALS']",1,intermediate,-1.0018139801864616,0,-0.8202435023804925
477,1.3703323892524282,0,"['BLS', 'PALS']",1,entry-level,-0.11121370887946168,0,0.816250457119313
478,-1.4771115364669034,4,"['NRP', 'ACLS']",1,advanced,1.3360117319944131,3,-1.016622777520469
479,0.6584714078225953,0,['BLS'],1,entry-level,-1.5584391497533365,0,-0.9184331399504808
480,1.3703323892524282,3,['NRP'],1,advanced,1.2246866980810382,3,2.387284658239126
481,-1.4771115364669034,4,"['CPR', 'NRP', 'PALS']",1,advanced,1.1133616641676631,3,-1.016622777520469
482,0.6584714078225953,1,['PALS'],1,entry-level,0.7793865624275382,0,1.143549249019274
483,1.3703323892524282,0,"['NRP', 'ACLS']",1,advanced,0.8907115963409132,3,1.994526107959173
484,0.6584714078225953,3,['PALS'],1,advanced,1.1133616641676631,0,1.4381181617292391
485,0.6584714078225953,4,"['BLS', 'ACLS']",1,intermediate,-0.7791639123597116,1,-0.23110567696056253
486,0.6584714078225953,1,"['PALS', 'CPR', 'NRP']",1,advanced,1.2246866980810382,1,1.5363077992992273
487,-1.4771115364669034,4,['ACLS'],1,intermediate,-1.2244640480132116,0,-1.016622777520469
488,-1.4771115364669034,0,"['CPR', 'ACLS']",1,entry-level,0.4454114606874133,3,-1.016622777520469
489,-0.053389573607237596,4,"['BLS', 'CPR', 'ACLS']",1,entry-level,0.00011132503391331329,2,-0.03472640182058587
490,-0.7652505550370705,4,"['CPR', 'BLS']",1,intermediate,0.6680615285141632,0,-0.32929531453055083
491,-0.053389573607237596,2,"['BLS', 'CPR']",1,entry-level,0.2227613928606633,1,0.09619311493939857
492,1.3703323892524282,0,"['ACLS', 'PALS']",1,intermediate,0.00011132503391331329,1,0.9471699738792974
493,-0.7652505550370705,1,['CPR'],1,advanced,-0.44518881061958665,1,-0.656594106430512
494,0.6584714078225953,0,['CPR'],1,advanced,1.669986833734538,0,1.9290663495791807
495,0.6584714078225953,1,"['CPR', 'ACLS', 'PALS']",1,entry-level,-0.44518881061958665,0,0.06346323574940245
496,-0.053389573607237596,2,['ACLS'],1,entry-level,-0.22253874279283667,0,-0.16564591858057032
497,-1.4771115364669034,0,"['ACLS', 'BLS', 'NRP']",1,entry-level,0.7793865624275382,2,-1.016622777520469
498,0.6584714078225953,1,['PALS'],1,entry-level,1.4473367659077883,0,1.732687074439204
499,-0.7652505550370705,4,"['ACLS', 'PALS', 'CPR']",1,intermediate,0.4454114606874133,1,-0.39475507291054307
500,-1.4771115364669034,4,['CPR'],1,entry-level,-0.8904889462730866,2,-1.016622777520469
501,1.3703323892524282,1,"['PALS', 'BLS']",1,entry-level,-0.8904889462730866,2,-0.10018616020057809
502,0.6584714078225953,1,"['BLS', 'NRP']",1,intermediate,0.1114363589472883,1,0.554411423599344
503,-0.7652505550370705,3,"['CPR', 'BLS', 'PALS']",1,entry-level,0.7793865624275382,2,-0.29656543534055474
504,-0.7652505550370705,3,['BLS'],1,entry-level,-0.11121370887946168,1,-0.5584044688605236
505,-0.7652505550370705,3,"['PALS', 'NRP']",1,intermediate,1.0020366302542882,1,-0.23110567696056253
506,-0.053389573607237596,4,['PALS'],1,advanced,0.00011132503391331329,2,-0.03472640182058587
507,-0.7652505550370705,4,"['NRP', 'BLS']",1,advanced,-0.33386377670621165,2,-0.6238642272405158
508,-0.7652505550370705,4,"['PALS', 'NRP', 'ACLS']",1,intermediate,-0.44518881061958665,3,-0.656594106430512
509,0.6584714078225953,1,"['PALS', 'CPR']",1,entry-level,-0.22253874279283667,0,0.2598425108893791
510,0.6584714078225953,1,"['NRP', 'BLS', 'ACLS']",1,entry-level,-1.2244640480132116,1,-0.6238642272405158
511,-0.7652505550370705,2,['NRP'],1,intermediate,0.1114363589472883,3,-0.4929447104805314
512,-1.4771115364669034,2,"['NRP', 'BLS', 'ACLS']",1,entry-level,-1.6697641836667114,0,-1.016622777520469
513,1.3703323892524282,0,"['PALS', 'BLS', 'CPR']",1,advanced,-0.7791639123597116,3,0.030733356559406348
514,1.3703323892524282,4,"['BLS', 'ACLS', 'PALS']",1,advanced,1.4473367659077883,2,2.649123691759095
515,-0.7652505550370705,4,"['ACLS', 'PALS', 'CPR']",1,advanced,0.33408642677403827,2,-0.42748495210053916
516,-0.053389573607237596,4,['PALS'],1,intermediate,1.3360117319944131,1,0.7507906987393207
517,-0.7652505550370705,3,"['CPR', 'NRP']",1,entry-level,-1.1131390140998365,2,-0.8529733815704886
518,0.6584714078225953,2,['NRP'],1,advanced,1.1133616641676631,0,1.4381181617292391
519,1.3703323892524282,1,['ACLS'],1,advanced,0.5567364946007882,0,1.6017675576792196
520,-1.4771115364669034,1,['ACLS'],1,intermediate,-0.44518881061958665,0,-1.016622777520469
521,-0.7652505550370705,3,"['CPR', 'PALS']",1,entry-level,0.6680615285141632,3,-0.32929531453055083
522,0.6584714078225953,0,['CPR'],1,intermediate,0.2227613928606633,0,0.6526010611693324
523,-0.7652505550370705,3,"['BLS', 'PALS']",1,intermediate,1.3360117319944131,1,-0.1329160393905742
524,-1.4771115364669034,2,['CPR'],1,intermediate,0.8907115963409132,1,-1.016622777520469
525,-0.7652505550370705,4,"['CPR', 'PALS']",1,advanced,0.33408642677403827,3,-0.42748495210053916
526,-0.7652505550370705,1,"['PALS', 'BLS', 'ACLS']",1,entry-level,1.2246866980810382,1,-0.16564591858057032
527,-1.4771115364669034,1,"['PALS', 'ACLS']",1,entry-level,-0.11121370887946168,1,-1.016622777520469
528,-0.7652505550370705,1,"['PALS', 'ACLS']",1,entry-level,1.2246866980810382,2,-0.16564591858057032
529,-0.053389573607237596,1,['ACLS'],1,intermediate,-0.6678388784463366,2,-0.42748495210053916
530,1.3703323892524282,0,"['PALS', 'ACLS']",1,entry-level,-0.6678388784463366,2,0.1616528733193908
531,-0.053389573607237596,4,"['BLS', 'CPR']",1,intermediate,1.0020366302542882,0,0.554411423599344
532,1.3703323892524282,0,"['NRP', 'PALS', 'CPR']",1,entry-level,-0.22253874279283667,1,0.6853309403593285
533,0.6584714078225953,2,"['NRP', 'ACLS']",1,advanced,0.4454114606874133,0,0.848980336309309
534,-0.7652505550370705,3,"['BLS', 'CPR']",1,entry-level,1.5586617998211632,1,-0.06745628101058197
535,-0.7652505550370705,4,"['ACLS', 'PALS', 'BLS']",1,advanced,0.8907115963409132,3,-0.26383555615055865
536,-1.4771115364669034,3,"['CPR', 'ACLS']",1,intermediate,0.7793865624275382,2,-1.016622777520469
537,-0.7652505550370705,4,['NRP'],1,advanced,0.6680615285141632,1,-0.32929531453055083
538,-0.053389573607237596,2,"['ACLS', 'BLS']",1,intermediate,0.00011132503391331329,1,-0.03472640182058587
539,-0.7652505550370705,3,"['NRP', 'BLS']",1,intermediate,-1.2244640480132116,3,-0.8857032607604847
540,-0.053389573607237596,4,"['ACLS', 'BLS', 'CPR']",1,entry-level,0.5567364946007882,3,0.2925723900793752
541,-0.7652505550370705,2,"['ACLS', 'PALS', 'CPR']",1,advanced,0.6680615285141632,0,-0.32929531453055083
542,0.6584714078225953,0,"['PALS', 'NRP']",1,entry-level,-0.5565138445329616,3,-0.03472640182058587
543,-0.053389573607237596,0,['BLS'],1,entry-level,-0.22253874279283667,0,-0.16564591858057032
544,-0.053389573607237596,0,"['CPR', 'BLS', 'ACLS']",1,entry-level,0.33408642677403827,2,0.1616528733193908
545,0.6584714078225953,3,"['BLS', 'PALS']",1,intermediate,0.33408642677403827,0,0.7507906987393207
546,-0.053389573607237596,2,"['BLS', 'CPR']",1,entry-level,-1.1131390140998365,3,-0.689323985620508
547,-1.4771115364669034,4,"['ACLS', 'BLS']",1,intermediate,-1.2244640480132116,0,-1.016622777520469
548,-0.053389573607237596,4,['BLS'],1,intermediate,0.33408642677403827,0,0.1616528733193908
549,-0.7652505550370705,3,"['CPR', 'PALS']",1,intermediate,-0.6678388784463366,2,-0.7220538648105042
550,-1.4771115364669034,1,"['PALS', 'NRP']",1,intermediate,0.1114363589472883,3,-1.016622777520469
551,-1.4771115364669034,3,"['PALS', 'ACLS', 'CPR']",1,entry-level,-1.0018139801864616,0,-1.016622777520469
552,0.6584714078225953,4,"['CPR', 'NRP', 'PALS']",1,intermediate,-0.6678388784463366,0,-0.1329160393905742
553,-0.7652505550370705,3,"['ACLS', 'PALS', 'CPR']",1,advanced,-0.8904889462730866,3,-0.7875136231904963
554,1.3703323892524282,2,"['BLS', 'PALS']",1,entry-level,-0.11121370887946168,0,0.816250457119313
555,0.6584714078225953,0,"['PALS', 'ACLS']",1,intermediate,-0.33386377670621165,0,0.1616528733193908
556,-1.4771115364669034,3,"['ACLS', 'CPR', 'PALS']",1,intermediate,-0.5565138445329616,2,-1.016622777520469
557,-1.4771115364669034,2,"['CPR', 'BLS', 'ACLS']",1,intermediate,0.00011132503391331329,2,-1.016622777520469
558,-1.4771115364669034,1,"['PALS', 'NRP', 'BLS']",1,entry-level,-0.6678388784463366,3,-1.016622777520469
559,1.3703323892524282,4,['CPR'],1,intermediate,1.0020366302542882,1,2.125445624719157
560,0.6584714078225953,1,['PALS'],1,entry-level,0.33408642677403827,2,0.7507906987393207
561,-1.4771115364669034,3,"['PALS', 'BLS']",1,intermediate,-0.11121370887946168,2,-1.016622777520469
562,-1.4771115364669034,4,"['CPR', 'ACLS', 'BLS']",1,intermediate,-1.2244640480132116,2,-1.016622777520469
563,-0.053389573607237596,3,"['PALS', 'ACLS', 'NRP']",1,advanced,-0.6678388784463366,3,-0.42748495210053916
564,0.6584714078225953,1,"['PALS', 'NRP', 'CPR']",1,advanced,-0.33386377670621165,0,0.1616528733193908
565,-1.4771115364669034,2,"['NRP', 'CPR']",1,intermediate,-1.0018139801864616,1,-1.016622777520469
566,-0.7652505550370705,1,"['ACLS', 'BLS', 'PALS']",1,intermediate,-1.2244640480132116,2,-0.8857032607604847
567,1.3703323892524282,3,"['ACLS', 'BLS']",1,intermediate,0.2227613928606633,1,1.2090090073992663
568,-1.4771115364669034,3,"['BLS', 'PALS', 'NRP']",1,intermediate,-0.11121370887946168,3,-1.016622777520469
569,-0.053389573607237596,3,['PALS'],1,advanced,-0.6678388784463366,2,-0.42748495210053916
570,1.3703323892524282,3,['ACLS'],1,advanced,-1.0018139801864616,3,-0.23110567696056253
571,-0.7652505550370705,3,"['NRP', 'CPR']",1,entry-level,1.5586617998211632,0,-0.06745628101058197
572,-1.4771115364669034,0,"['BLS', 'PALS', 'NRP']",1,intermediate,1.5586617998211632,2,-1.016622777520469
573,-0.7652505550370705,1,"['CPR', 'PALS']",1,intermediate,-1.6697641836667114,3,-1.016622777520469
574,-1.4771115364669034,2,"['NRP', 'PALS']",1,entry-level,-0.11121370887946168,0,-1.016622777520469
575,-0.053389573607237596,0,"['NRP', 'BLS']",1,intermediate,-1.0018139801864616,3,-0.6238642272405158
576,1.3703323892524282,2,"['NRP', 'BLS', 'CPR']",1,entry-level,-1.2244640480132116,0,-0.4929447104805314
577,0.6584714078225953,0,"['PALS', 'CPR']",1,entry-level,1.5586617998211632,0,1.8308767120091922
578,-0.053389573607237596,0,"['PALS', 'BLS', 'CPR']",1,advanced,0.6680615285141632,1,0.3580321484593674
579,1.3703323892524282,4,['BLS'],1,advanced,-1.5584391497533365,1,-0.8857032607604847
580,1.3703323892524282,2,"['ACLS', 'BLS', 'NRP']",1,intermediate,-0.33386377670621165,2,0.554411423599344
581,0.6584714078225953,4,"['BLS', 'NRP']",1,advanced,-1.3357890819265865,2,-0.7220538648105042
582,-0.053389573607237596,2,"['CPR', 'ACLS']",1,advanced,-0.8904889462730866,0,-0.5584044688605236
583,1.3703323892524282,4,"['BLS', 'PALS']",1,advanced,0.2227613928606633,1,1.2090090073992663
584,0.6584714078225953,2,"['PALS', 'NRP', 'BLS']",1,intermediate,-0.8904889462730866,0,-0.32929531453055083
585,-1.4771115364669034,4,"['BLS', 'PALS', 'CPR']",1,intermediate,1.1133616641676631,2,-1.016622777520469
586,-0.7652505550370705,4,"['CPR', 'BLS', 'NRP']",1,advanced,-0.22253874279283667,3,-0.5911343480505197
587,1.3703323892524282,0,['CPR'],1,intermediate,-1.3357890819265865,0,-0.6238642272405158
588,-0.7652505550370705,2,"['NRP', 'CPR']",1,entry-level,-0.8904889462730866,0,-0.7875136231904963
589,-0.7652505550370705,0,['CPR'],1,advanced,-0.6678388784463366,3,-0.7220538648105042
590,1.3703323892524282,3,"['CPR', 'BLS', 'NRP']",1,entry-level,0.2227613928606633,1,1.2090090073992663
591,-0.7652505550370705,0,"['BLS', 'ACLS']",1,advanced,1.669986833734538,3,-0.03472640182058587
592,1.3703323892524282,2,"['ACLS', 'PALS', 'CPR']",1,advanced,1.0020366302542882,0,2.125445624719157
593,0.6584714078225953,4,"['CPR', 'ACLS', 'BLS']",1,entry-level,-0.6678388784463366,2,-0.1329160393905742
594,-0.7652505550370705,3,"['CPR', 'PALS']",1,entry-level,-1.6697641836667114,2,-1.016622777520469
595,0.6584714078225953,4,"['CPR', 'BLS', 'ACLS']",1,intermediate,-0.33386377670621165,2,0.1616528733193908
596,-0.7652505550370705,3,"['PALS', 'ACLS', 'BLS']",1,intermediate,1.669986833734538,1,-0.03472640182058587
597,-0.053389573607237596,1,['BLS'],1,intermediate,-0.11121370887946168,2,-0.10018616020057809
598,-0.053389573607237596,4,"['NRP', 'BLS', 'PALS']",1,entry-level,-0.8904889462730866,3,-0.5584044688605236
599,-1.4771115364669034,0,"['ACLS', 'CPR']",1,advanced,0.00011132503391331329,1,-1.016622777520469
600,-1.4771115364669034,1,"['NRP', 'ACLS']",1,advanced,0.2227613928606633,2,-1.016622777520469
601,0.6584714078225953,0,"['NRP', 'CPR', 'BLS']",1,entry-level,1.3360117319944131,2,1.6344974368692156
602,-1.4771115364669034,1,['NRP'],1,entry-level,1.1133616641676631,0,-1.016622777520469
603,1.3703323892524282,2,"['ACLS', 'BLS']",1,advanced,1.669986833734538,3,2.9109627252790635
604,-0.7652505550370705,4,"['ACLS', 'NRP']",1,advanced,-1.5584391497533365,1,-0.983892898330473
605,-1.4771115364669034,0,"['ACLS', 'NRP', 'PALS']",1,advanced,-0.5565138445329616,0,-1.016622777520469
606,-0.7652505550370705,2,"['BLS', 'ACLS']",1,advanced,-1.3357890819265865,3,-0.9184331399504808
607,-0.7652505550370705,3,['BLS'],1,entry-level,-1.4471141158399616,2,-0.951163019140477
608,-0.7652505550370705,4,['ACLS'],1,intermediate,-1.6697641836667114,0,-1.016622777520469
609,1.3703323892524282,4,"['NRP', 'CPR', 'PALS']",1,entry-level,-0.22253874279283667,2,0.6853309403593285
610,-0.7652505550370705,0,"['PALS', 'ACLS']",1,entry-level,-1.5584391497533365,3,-0.983892898330473
611,-0.053389573607237596,2,"['BLS', 'NRP']",1,advanced,-0.33386377670621165,2,-0.23110567696056253
612,0.6584714078225953,3,['NRP'],1,entry-level,-0.8904889462730866,2,-0.32929531453055083
613,1.3703323892524282,3,"['NRP', 'ACLS', 'PALS']",1,intermediate,0.5567364946007882,2,1.6017675576792196
614,-0.053389573607237596,1,['NRP'],1,intermediate,0.8907115963409132,3,0.48895166521935185
615,-0.7652505550370705,3,"['BLS', 'ACLS']",1,advanced,1.2246866980810382,1,-0.16564591858057032
616,1.3703323892524282,0,['BLS'],1,entry-level,-1.2244640480132116,2,-0.4929447104805314
617,1.3703323892524282,4,"['PALS', 'BLS', 'NRP']",1,entry-level,0.33408642677403827,1,1.3399285241592507
618,-0.7652505550370705,3,"['CPR', 'BLS', 'PALS']",1,entry-level,-0.5565138445329616,0,-0.689323985620508
619,0.6584714078225953,1,"['NRP', 'PALS']",1,advanced,-1.2244640480132116,3,-0.6238642272405158
620,-1.4771115364669034,4,"['PALS', 'NRP', 'BLS']",1,entry-level,1.5586617998211632,2,-1.016622777520469
621,0.6584714078225953,1,"['ACLS', 'CPR', 'NRP']",1,advanced,-1.2244640480132116,0,-0.6238642272405158
622,1.3703323892524282,3,"['ACLS', 'BLS', 'PALS']",1,intermediate,0.5567364946007882,1,1.6017675576792196
623,-0.7652505550370705,1,"['ACLS', 'PALS', 'BLS']",1,advanced,1.669986833734538,0,-0.03472640182058587
624,-1.4771115364669034,0,"['ACLS', 'NRP', 'CPR']",1,intermediate,0.6680615285141632,3,-1.016622777520469
625,-1.4771115364669034,0,"['ACLS', 'NRP', 'PALS']",1,advanced,1.0020366302542882,3,-1.016622777520469
626,-1.4771115364669034,1,"['NRP', 'CPR']",1,intermediate,-1.2244640480132116,0,-1.016622777520469
627,-1.4771115364669034,3,"['ACLS', 'PALS']",1,entry-level,-0.8904889462730866,3,-1.016622777520469
628,-0.7652505550370705,0,['PALS'],1,intermediate,1.4473367659077883,0,-0.10018616020057809
629,-0.7652505550370705,4,['CPR'],1,entry-level,0.8907115963409132,1,-0.26383555615055865
630,1.3703323892524282,1,['PALS'],1,intermediate,1.669986833734538,0,2.9109627252790635
631,1.3703323892524282,4,"['NRP', 'BLS', 'PALS']",1,entry-level,0.8907115963409132,2,1.994526107959173
632,0.6584714078225953,0,"['ACLS', 'CPR', 'NRP']",1,advanced,1.5586617998211632,3,1.8308767120091922
633,0.6584714078225953,0,['BLS'],1,advanced,-1.2244640480132116,0,-0.6238642272405158
634,1.3703323892524282,2,['CPR'],1,entry-level,-0.7791639123597116,3,0.030733356559406348
635,-0.053389573607237596,0,"['NRP', 'ACLS', 'PALS']",1,entry-level,0.4454114606874133,2,0.227112631699383
636,-0.7652505550370705,1,"['NRP', 'CPR', 'BLS']",1,advanced,1.5586617998211632,0,-0.06745628101058197
637,-0.053389573607237596,1,['ACLS'],1,entry-level,1.3360117319944131,0,0.7507906987393207
638,-0.053389573607237596,1,"['CPR', 'ACLS']",1,intermediate,-0.11121370887946168,0,-0.10018616020057809
639,-1.4771115364669034,2,"['ACLS', 'BLS', 'PALS']",1,entry-level,-0.5565138445329616,3,-1.016622777520469
640,-1.4771115364669034,0,"['ACLS', 'NRP', 'CPR']",1,advanced,-1.0018139801864616,2,-1.016622777520469
641,1.3703323892524282,1,['PALS'],1,intermediate,0.2227613928606633,1,1.2090090073992663
642,1.3703323892524282,0,"['BLS', 'PALS', 'NRP']",1,intermediate,1.0020366302542882,1,2.125445624719157
643,0.6584714078225953,2,"['PALS', 'BLS', 'NRP']",1,intermediate,1.0020366302542882,1,1.3399285241592507
644,0.6584714078225953,3,"['CPR', 'NRP', 'PALS']",1,advanced,-0.44518881061958665,0,0.06346323574940245
645,-0.7652505550370705,1,"['NRP', 'ACLS', 'CPR']",1,advanced,1.2246866980810382,2,-0.16564591858057032
646,-0.053389573607237596,3,"['CPR', 'ACLS', 'PALS']",1,advanced,0.5567364946007882,3,0.2925723900793752
647,1.3703323892524282,4,['CPR'],1,entry-level,-0.33386377670621165,0,0.554411423599344
648,-1.4771115364669034,0,"['BLS', 'NRP', 'ACLS']",1,entry-level,0.8907115963409132,2,-1.016622777520469
649,1.3703323892524282,1,"['NRP', 'BLS', 'ACLS']",1,advanced,-1.2244640480132116,3,-0.4929447104805314
650,1.3703323892524282,3,"['PALS', 'NRP', 'ACLS']",1,advanced,1.5586617998211632,3,2.7800432085190794
651,-0.053389573607237596,2,"['ACLS', 'BLS']",1,intermediate,1.2246866980810382,2,0.6853309403593285
652,-1.4771115364669034,2,['ACLS'],1,entry-level,1.0020366302542882,3,-1.016622777520469
653,1.3703323892524282,3,"['BLS', 'PALS', 'ACLS']",1,intermediate,-1.4471141158399616,0,-0.7547837440005003
654,-0.7652505550370705,1,"['NRP', 'PALS', 'BLS']",1,entry-level,0.00011132503391331329,2,-0.5256745896705275
655,-1.4771115364669034,2,['BLS'],1,intermediate,-1.6697641836667114,1,-1.016622777520469
656,0.6584714078225953,2,"['CPR', 'NRP', 'BLS']",1,advanced,-0.11121370887946168,2,0.3580321484593674
657,1.3703323892524282,3,"['ACLS', 'PALS']",1,intermediate,-1.6697641836667114,1,-1.016622777520469
658,-0.053389573607237596,3,"['BLS', 'CPR']",1,intermediate,0.8907115963409132,1,0.48895166521935185
659,0.6584714078225953,3,"['BLS', 'ACLS']",1,intermediate,-1.3357890819265865,2,-0.7220538648105042
660,-0.7652505550370705,2,"['PALS', 'NRP']",1,entry-level,0.1114363589472883,3,-0.4929447104805314
661,-1.4771115364669034,2,"['BLS', 'PALS']",1,intermediate,-0.44518881061958665,0,-1.016622777520469
662,1.3703323892524282,2,"['NRP', 'ACLS']",1,advanced,-0.5565138445329616,1,0.2925723900793752
663,-0.053389573607237596,4,['NRP'],1,advanced,0.5567364946007882,0,0.2925723900793752
664,0.6584714078225953,4,['BLS'],1,intermediate,-0.8904889462730866,2,-0.32929531453055083
665,-0.7652505550370705,1,"['NRP', 'PALS', 'ACLS']",1,entry-level,1.4473367659077883,1,-0.10018616020057809
666,-0.7652505550370705,1,['BLS'],1,advanced,-1.4471141158399616,0,-0.951163019140477
667,1.3703323892524282,1,"['BLS', 'ACLS']",1,entry-level,-1.1131390140998365,0,-0.362025193720547
668,0.6584714078225953,3,"['PALS', 'NRP', 'BLS']",1,entry-level,-0.8904889462730866,3,-0.32929531453055083
669,1.3703323892524282,2,"['NRP', 'BLS', 'CPR']",1,intermediate,0.00011132503391331329,2,0.9471699738792974
670,-0.7652505550370705,4,['CPR'],1,entry-level,1.0020366302542882,2,-0.23110567696056253
671,-1.4771115364669034,2,"['CPR', 'BLS', 'ACLS']",1,advanced,-0.44518881061958665,3,-1.016622777520469
672,-1.4771115364669034,4,"['NRP', 'BLS', 'PALS']",1,entry-level,1.3360117319944131,2,-1.016622777520469
673,-0.7652505550370705,1,"['BLS', 'NRP']",1,entry-level,1.3360117319944131,2,-0.1329160393905742
674,-0.053389573607237596,4,['NRP'],1,intermediate,0.7793865624275382,1,0.42349190683935967
675,1.3703323892524282,1,"['ACLS', 'CPR']",1,advanced,1.669986833734538,1,2.9109627252790635
676,0.6584714078225953,0,['NRP'],1,advanced,-1.6697641836667114,2,-1.016622777520469
677,-1.4771115364669034,0,['CPR'],1,intermediate,-1.2244640480132116,0,-1.016622777520469
678,0.6584714078225953,2,"['ACLS', 'BLS']",1,advanced,0.1114363589472883,0,0.554411423599344
679,0.6584714078225953,0,['CPR'],1,entry-level,-0.44518881061958665,1,0.06346323574940245
680,-0.7652505550370705,2,['CPR'],1,advanced,1.2246866980810382,3,-0.16564591858057032
681,-0.7652505550370705,4,"['CPR', 'BLS', 'PALS']",1,entry-level,0.7793865624275382,0,-0.29656543534055474
682,-0.7652505550370705,1,"['CPR', 'PALS', 'NRP']",1,intermediate,0.00011132503391331329,2,-0.5256745896705275
683,-0.7652505550370705,4,"['PALS', 'NRP']",1,advanced,-0.44518881061958665,3,-0.656594106430512
684,1.3703323892524282,4,"['BLS', 'CPR']",1,intermediate,1.2246866980810382,3,2.387284658239126
685,-0.7652505550370705,1,['CPR'],1,advanced,1.5586617998211632,2,-0.06745628101058197
686,-0.7652505550370705,0,"['ACLS', 'NRP', 'CPR']",1,entry-level,0.1114363589472883,1,-0.4929447104805314
687,1.3703323892524282,0,"['NRP', 'ACLS']",1,intermediate,-1.2244640480132116,3,-0.4929447104805314
688,1.3703323892524282,2,['CPR'],1,advanced,-0.22253874279283667,3,0.6853309403593285
689,0.6584714078225953,4,"['NRP', 'BLS']",1,advanced,-1.0018139801864616,1,-0.42748495210053916
690,-1.4771115364669034,3,"['NRP', 'ACLS']",1,intermediate,-1.4471141158399616,2,-1.016622777520469
691,-1.4771115364669034,3,"['BLS', 'NRP', 'CPR']",1,entry-level,-0.6678388784463366,2,-1.016622777520469
692,1.3703323892524282,2,"['PALS', 'BLS']",1,intermediate,-0.6678388784463366,3,0.1616528733193908
693,0.6584714078225953,4,"['PALS', 'CPR']",1,entry-level,1.4473367659077883,0,1.732687074439204
694,0.6584714078225953,3,"['NRP', 'CPR', 'ACLS']",1,entry-level,0.5567364946007882,0,0.9471699738792974
695,0.6584714078225953,4,"['NRP', 'PALS', 'CPR']",1,intermediate,-1.4471141158399616,2,-0.8202435023804925
696,1.3703323892524282,2,"['BLS', 'PALS', 'CPR']",1,advanced,1.5586617998211632,2,2.7800432085190794
697,0.6584714078225953,3,"['BLS', 'NRP', 'PALS']",1,intermediate,-1.2244640480132116,0,-0.6238642272405158
698,1.3703323892524282,4,"['BLS', 'PALS', 'ACLS']",1,entry-level,-0.6678388784463366,0,0.1616528733193908
699,1.3703323892524282,1,['BLS'],1,advanced,-0.44518881061958665,2,0.42349190683935967
700,0.6584714078225953,4,"['ACLS', 'BLS', 'PALS']",1,advanced,1.669986833734538,3,1.9290663495791807
701,0.6584714078225953,0,"['NRP', 'CPR', 'ACLS']",1,entry-level,0.2227613928606633,3,0.6526010611693324
702,-0.7652505550370705,0,"['NRP', 'BLS']",1,intermediate,-0.22253874279283667,1,-0.5911343480505197
703,1.3703323892524282,0,"['BLS', 'PALS', 'NRP']",1,intermediate,-0.44518881061958665,1,0.42349190683935967
704,-0.7652505550370705,4,"['NRP', 'ACLS', 'PALS']",1,entry-level,-0.44518881061958665,2,-0.656594106430512
705,-0.7652505550370705,3,"['BLS', 'NRP']",1,intermediate,0.4454114606874133,2,-0.39475507291054307
706,1.3703323892524282,4,"['NRP', 'ACLS', 'CPR']",1,intermediate,0.8907115963409132,1,1.994526107959173
707,1.3703323892524282,0,"['CPR', 'NRP']",1,advanced,-1.3357890819265865,1,-0.6238642272405158
708,-0.053389573607237596,3,"['ACLS', 'CPR']",1,advanced,-1.4471141158399616,2,-0.8857032607604847
709,-1.4771115364669034,4,['BLS'],1,advanced,0.6680615285141632,3,-1.016622777520469
710,-0.7652505550370705,1,['ACLS'],1,entry-level,1.3360117319944131,0,-0.1329160393905742
711,1.3703323892524282,0,"['CPR', 'NRP', 'ACLS']",1,intermediate,-1.6697641836667114,2,-1.016622777520469
712,0.6584714078225953,2,['NRP'],1,advanced,0.33408642677403827,1,0.7507906987393207
713,0.6584714078225953,0,"['CPR', 'NRP']",1,intermediate,1.5586617998211632,3,1.8308767120091922
714,0.6584714078225953,3,"['NRP', 'PALS']",1,entry-level,0.8907115963409132,1,1.2417388865892625
715,-0.053389573607237596,1,"['BLS', 'PALS']",1,intermediate,-1.5584391497533365,2,-0.951163019140477
716,1.3703323892524282,2,"['ACLS', 'PALS', 'NRP']",1,entry-level,1.4473367659077883,1,2.649123691759095
717,-0.053389573607237596,0,"['BLS', 'ACLS', 'PALS']",1,entry-level,-0.8904889462730866,0,-0.5584044688605236
718,-0.053389573607237596,2,"['PALS', 'NRP']",1,advanced,0.33408642677403827,2,0.1616528733193908
719,1.3703323892524282,3,"['CPR', 'PALS']",1,entry-level,0.6680615285141632,1,1.732687074439204
720,-0.7652505550370705,1,"['BLS', 'CPR']",1,intermediate,1.5586617998211632,2,-0.06745628101058197
721,-1.4771115364669034,3,"['ACLS', 'CPR', 'PALS']",1,intermediate,0.8907115963409132,1,-1.016622777520469
722,-0.053389573607237596,1,"['BLS', 'CPR']",1,advanced,1.669986833734538,2,0.9471699738792974
723,-0.7652505550370705,0,"['PALS', 'CPR', 'NRP']",1,advanced,-1.1131390140998365,3,-0.8529733815704886
724,-0.053389573607237596,2,['NRP'],1,entry-level,0.00011132503391331329,3,-0.03472640182058587
725,-1.4771115364669034,1,['ACLS'],1,entry-level,-0.8904889462730866,2,-1.016622777520469
726,-1.4771115364669034,3,['PALS'],1,entry-level,0.00011132503391331329,0,-1.016622777520469
727,1.3703323892524282,3,"['NRP', 'PALS', 'CPR']",1,entry-level,-0.22253874279283667,3,0.6853309403593285
728,-0.053389573607237596,0,"['BLS', 'CPR']",1,entry-level,0.7793865624275382,3,0.42349190683935967
729,-0.7652505550370705,1,"['PALS', 'ACLS']",1,entry-level,1.669986833734538,3,-0.03472640182058587
730,-0.7652505550370705,2,['CPR'],1,entry-level,1.2246866980810382,0,-0.16564591858057032
731,1.3703323892524282,2,"['CPR', 'PALS']",1,entry-level,-1.2244640480132116,0,-0.4929447104805314
732,1.3703323892524282,1,['PALS'],1,advanced,-1.6697641836667114,2,-1.016622777520469
733,1.3703323892524282,4,"['ACLS', 'CPR', 'NRP']",1,entry-level,-1.5584391497533365,0,-0.8857032607604847
734,-0.7652505550370705,0,"['NRP', 'PALS']",1,entry-level,0.5567364946007882,0,-0.362025193720547
735,0.6584714078225953,4,['BLS'],1,advanced,-1.3357890819265865,1,-0.7220538648105042
736,-0.053389573607237596,3,['CPR'],1,intermediate,1.1133616641676631,3,0.6198711819793363
737,1.3703323892524282,2,"['PALS', 'CPR', 'NRP']",1,entry-level,1.1133616641676631,1,2.2563651414791415
738,0.6584714078225953,3,['NRP'],1,advanced,-1.2244640480132116,2,-0.6238642272405158
739,1.3703323892524282,3,"['ACLS', 'PALS', 'NRP']",1,advanced,-0.22253874279283667,3,0.6853309403593285
740,0.6584714078225953,1,"['PALS', 'ACLS']",1,advanced,-0.8904889462730866,0,-0.32929531453055083
741,1.3703323892524282,4,['NRP'],1,entry-level,-1.5584391497533365,0,-0.8857032607604847
742,-0.7652505550370705,0,"['CPR', 'BLS']",1,advanced,-1.1131390140998365,0,-0.8529733815704886
743,-0.7652505550370705,2,"['CPR', 'BLS']",1,entry-level,-1.3357890819265865,3,-0.9184331399504808
744,-1.4771115364669034,4,"['ACLS', 'PALS']",1,advanced,1.1133616641676631,2,-1.016622777520469
745,-0.7652505550370705,1,['ACLS'],1,intermediate,-0.33386377670621165,1,-0.6238642272405158
746,-0.053389573607237596,4,"['ACLS', 'BLS']",1,intermediate,-1.4471141158399616,0,-0.8857032607604847
747,0.6584714078225953,2,"['ACLS', 'BLS', 'CPR']",1,entry-level,-0.8904889462730866,3,-0.32929531453055083
748,1.3703323892524282,0,"['PALS', 'NRP']",1,entry-level,-0.6678388784463366,2,0.1616528733193908
749,1.3703323892524282,1,['PALS'],1,entry-level,-0.5565138445329616,2,0.2925723900793752
750,1.3703323892524282,3,"['PALS', 'NRP', 'BLS']",1,advanced,1.1133616641676631,2,2.2563651414791415
751,-0.053389573607237596,2,"['BLS', 'CPR']",1,entry-level,-1.5584391497533365,0,-0.951163019140477
752,-1.4771115364669034,1,"['ACLS', 'PALS']",1,entry-level,0.1114363589472883,0,-1.016622777520469
753,0.6584714078225953,0,"['NRP', 'BLS', 'ACLS']",1,entry-level,-1.1131390140998365,2,-0.5256745896705275
754,0.6584714078225953,3,['ACLS'],1,intermediate,-1.6697641836667114,0,-1.016622777520469
755,0.6584714078225953,1,"['NRP', 'PALS', 'BLS']",1,advanced,0.1114363589472883,0,0.554411423599344
756,-1.4771115364669034,3,['BLS'],1,entry-level,0.7793865624275382,2,-1.016622777520469
757,1.3703323892524282,3,"['PALS', 'CPR']",1,advanced,0.5567364946007882,2,1.6017675576792196
758,-1.4771115364669034,1,"['NRP', 'BLS']",1,intermediate,1.2246866980810382,0,-1.016622777520469
759,1.3703323892524282,3,"['PALS', 'CPR', 'BLS']",1,entry-level,-1.5584391497533365,2,-0.8857032607604847
760,1.3703323892524282,3,['ACLS'],1,intermediate,1.3360117319944131,3,2.51820417499911
761,-0.053389573607237596,1,"['BLS', 'ACLS', 'PALS']",1,entry-level,-0.8904889462730866,0,-0.5584044688605236
762,-1.4771115364669034,0,"['BLS', 'ACLS']",1,entry-level,0.6680615285141632,3,-1.016622777520469
763,-1.4771115364669034,0,"['NRP', 'BLS']",1,advanced,1.2246866980810382,3,-1.016622777520469
764,0.6584714078225953,2,['NRP'],1,entry-level,1.4473367659077883,0,1.732687074439204
765,-0.7652505550370705,4,"['BLS', 'PALS']",1,intermediate,-1.1131390140998365,1,-0.8529733815704886
766,-1.4771115364669034,3,"['NRP', 'PALS']",1,entry-level,-1.5584391497533365,0,-1.016622777520469
767,0.6584714078225953,1,"['BLS', 'CPR']",1,intermediate,-1.5584391497533365,3,-0.9184331399504808
768,-1.4771115364669034,4,['NRP'],1,intermediate,-0.7791639123597116,1,-1.016622777520469
769,0.6584714078225953,3,"['ACLS', 'BLS']",1,entry-level,0.4454114606874133,1,0.848980336309309
770,-1.4771115364669034,4,"['CPR', 'PALS', 'NRP']",1,intermediate,1.0020366302542882,1,-1.016622777520469
771,-0.7652505550370705,4,"['PALS', 'CPR']",1,entry-level,0.8907115963409132,3,-0.26383555615055865
772,-0.7652505550370705,0,"['CPR', 'NRP', 'ACLS']",1,entry-level,0.00011132503391331329,0,-0.5256745896705275
773,-0.053389573607237596,1,"['PALS', 'NRP', 'ACLS']",1,advanced,0.6680615285141632,0,0.3580321484593674
774,-1.4771115364669034,1,"['PALS', 'ACLS', 'BLS']",1,entry-level,1.2246866980810382,1,-1.016622777520469
775,-0.053389573607237596,0,['NRP'],1,advanced,0.00011132503391331329,1,-0.03472640182058587
776,-0.053389573607237596,4,"['NRP', 'ACLS', 'PALS']",1,entry-level,1.2246866980810382,1,0.6853309403593285
777,-0.7652505550370705,0,"['CPR', 'PALS']",1,advanced,0.00011132503391331329,3,-0.5256745896705275
778,-1.4771115364669034,2,['BLS'],1,advanced,1.4473367659077883,3,-1.016622777520469
779,-1.4771115364669034,1,"['BLS', 'NRP', 'CPR']",1,intermediate,-1.2244640480132116,0,-1.016622777520469
780,1.3703323892524282,3,"['NRP', 'ACLS']",1,entry-level,0.00011132503391331329,3,0.9471699738792974
781,-0.053389573607237596,2,"['NRP', 'PALS', 'ACLS']",1,entry-level,1.669986833734538,1,0.9471699738792974
782,-1.4771115364669034,0,"['PALS', 'BLS', 'NRP']",1,entry-level,0.00011132503391331329,1,-1.016622777520469
783,0.6584714078225953,0,"['ACLS', 'CPR']",1,advanced,-0.7791639123597116,1,-0.23110567696056253
784,-1.4771115364669034,2,"['PALS', 'ACLS', 'BLS']",1,advanced,-0.33386377670621165,0,-1.016622777520469
785,-0.7652505550370705,1,"['PALS', 'CPR', 'BLS']",1,advanced,1.2246866980810382,3,-0.16564591858057032
786,-0.7652505550370705,4,"['NRP', 'CPR', 'PALS']",1,intermediate,0.5567364946007882,0,-0.362025193720547
787,-0.053389573607237596,0,"['BLS', 'PALS', 'NRP']",1,entry-level,-0.11121370887946168,1,-0.10018616020057809
788,-0.7652505550370705,1,"['CPR', 'PALS', 'ACLS']",1,advanced,-0.5565138445329616,3,-0.689323985620508
789,-0.053389573607237596,0,"['BLS', 'ACLS']",1,intermediate,-1.1131390140998365,3,-0.689323985620508
790,-0.053389573607237596,4,"['CPR', 'PALS']",1,intermediate,1.0020366302542882,0,0.554411423599344
791,1.3703323892524282,0,"['NRP', 'CPR', 'ACLS']",1,entry-level,1.1133616641676631,2,2.2563651414791415
792,-0.053389573607237596,2,['ACLS'],1,advanced,0.1114363589472883,0,0.030733356559406348
793,-0.7652505550370705,2,['BLS'],1,entry-level,1.1133616641676631,1,-0.1983757977705664
794,-0.053389573607237596,3,"['NRP', 'BLS']",1,intermediate,1.2246866980810382,1,0.6853309403593285
795,0.6584714078225953,1,"['BLS', 'ACLS']",1,advanced,-0.8904889462730866,3,-0.32929531453055083
796,-1.4771115364669034,4,"['BLS', 'NRP']",1,intermediate,-1.6697641836667114,2,-1.016622777520469
797,0.6584714078225953,3,"['NRP', 'CPR']",1,intermediate,0.1114363589472883,0,0.554411423599344
798,-1.4771115364669034,2,"['CPR', 'NRP', 'BLS']",1,entry-level,-1.4471141158399616,1,-1.016622777520469
799,-0.7652505550370705,2,"['CPR', 'ACLS']",1,advanced,0.6680615285141632,3,-0.32929531453055083
800,0.6584714078225953,3,['PALS'],1,intermediate,-0.11121370887946168,1,0.3580321484593674
801,1.3703323892524282,1,['CPR'],1,entry-level,0.1114363589472883,1,1.0780894906392817
802,-0.7652505550370705,3,"['BLS', 'CPR', 'PALS']",1,advanced,1.5586617998211632,2,-0.06745628101058197
803,0.6584714078225953,1,"['ACLS', 'NRP', 'PALS']",1,entry-level,-0.44518881061958665,2,0.06346323574940245
804,0.6584714078225953,3,['NRP'],1,intermediate,0.5567364946007882,3,0.9471699738792974
805,0.6584714078225953,1,"['PALS', 'ACLS']",1,intermediate,1.3360117319944131,2,1.6344974368692156
806,-0.053389573607237596,1,['ACLS'],1,intermediate,-0.8904889462730866,2,-0.5584044688605236
807,0.6584714078225953,1,['BLS'],1,intermediate,0.6680615285141632,1,1.0453596114492858
808,-0.053389573607237596,1,['NRP'],1,intermediate,0.2227613928606633,3,0.09619311493939857
809,-1.4771115364669034,2,['PALS'],1,advanced,-0.22253874279283667,2,-1.016622777520469
810,0.6584714078225953,0,"['BLS', 'CPR', 'PALS']",1,intermediate,1.0020366302542882,1,1.3399285241592507
811,-0.7652505550370705,1,"['ACLS', 'CPR']",1,intermediate,-1.6697641836667114,0,-1.016622777520469
812,1.3703323892524282,2,"['PALS', 'BLS', 'NRP']",1,advanced,1.669986833734538,2,2.9109627252790635
813,-0.053389573607237596,0,"['NRP', 'CPR', 'PALS']",1,advanced,0.7793865624275382,3,0.42349190683935967
814,0.6584714078225953,2,['ACLS'],1,entry-level,-1.5584391497533365,2,-0.9184331399504808
815,-0.7652505550370705,0,['PALS'],1,entry-level,0.7793865624275382,0,-0.29656543534055474
816,-0.7652505550370705,0,"['NRP', 'ACLS', 'PALS']",1,entry-level,0.6680615285141632,0,-0.32929531453055083
817,-0.053389573607237596,0,['BLS'],1,intermediate,1.2246866980810382,1,0.6853309403593285
818,1.3703323892524282,4,"['BLS', 'PALS', 'NRP']",1,entry-level,0.00011132503391331329,1,0.9471699738792974
819,1.3703323892524282,3,['CPR'],1,advanced,-0.5565138445329616,0,0.2925723900793752
820,0.6584714078225953,0,"['PALS', 'BLS', 'ACLS']",1,intermediate,0.4454114606874133,3,0.848980336309309
821,-0.053389573607237596,0,"['NRP', 'PALS']",1,intermediate,0.33408642677403827,3,0.1616528733193908
822,-1.4771115364669034,3,['BLS'],1,entry-level,0.1114363589472883,0,-1.016622777520469
823,-0.7652505550370705,4,"['BLS', 'ACLS']",1,advanced,1.2246866980810382,1,-0.16564591858057032
824,0.6584714078225953,2,"['ACLS', 'PALS']",1,intermediate,0.4454114606874133,0,0.848980336309309
825,1.3703323892524282,1,"['NRP', 'PALS', 'CPR']",1,advanced,-0.8904889462730866,2,-0.10018616020057809
826,-0.7652505550370705,2,"['NRP', 'ACLS', 'PALS']",1,advanced,1.5586617998211632,1,-0.06745628101058197
827,-0.053389573607237596,2,"['ACLS', 'CPR']",1,entry-level,0.8907115963409132,2,0.48895166521935185
828,-0.053389573607237596,2,['NRP'],1,advanced,-1.6697641836667114,2,-1.016622777520469
829,1.3703323892524282,1,"['PALS', 'CPR', 'ACLS']",1,advanced,0.1114363589472883,3,1.0780894906392817
830,0.6584714078225953,1,['CPR'],1,advanced,0.5567364946007882,1,0.9471699738792974
831,-0.7652505550370705,0,['CPR'],1,entry-level,1.2246866980810382,1,-0.16564591858057032
832,-1.4771115364669034,0,"['NRP', 'BLS', 'CPR']",1,advanced,-0.6678388784463366,3,-1.016622777520469
833,-1.4771115364669034,4,['BLS'],1,intermediate,0.33408642677403827,2,-1.016622777520469
834,-0.053389573607237596,3,"['ACLS', 'PALS']",1,advanced,-1.1131390140998365,1,-0.689323985620508
835,-0.7652505550370705,3,"['BLS', 'NRP', 'ACLS']",1,intermediate,-0.11121370887946168,2,-0.5584044688605236
836,-0.053389573607237596,4,"['PALS', 'NRP', 'CPR']",1,advanced,-0.44518881061958665,1,-0.29656543534055474
837,1.3703323892524282,0,['PALS'],1,advanced,1.0020366302542882,0,2.125445624719157
838,-0.7652505550370705,3,"['BLS', 'CPR', 'PALS']",1,advanced,-1.5584391497533365,2,-0.983892898330473
839,1.3703323892524282,0,"['PALS', 'BLS']",1,intermediate,1.2246866980810382,2,2.387284658239126
840,1.3703323892524282,0,"['ACLS', 'PALS', 'BLS']",1,entry-level,1.4473367659077883,1,2.649123691759095
841,0.6584714078225953,4,"['ACLS', 'BLS', 'CPR']",1,entry-level,1.669986833734538,2,1.9290663495791807
842,1.3703323892524282,2,['BLS'],1,intermediate,-0.11121370887946168,0,0.816250457119313
843,0.6584714078225953,0,"['BLS', 'ACLS']",1,intermediate,-0.7791639123597116,2,-0.23110567696056253
844,1.3703323892524282,3,"['CPR', 'BLS']",1,advanced,-0.22253874279283667,0,0.6853309403593285
845,1.3703323892524282,4,"['NRP', 'BLS', 'CPR']",1,entry-level,-1.1131390140998365,1,-0.362025193720547
846,1.3703323892524282,4,"['NRP', 'PALS']",1,advanced,-0.8904889462730866,3,-0.10018616020057809
847,1.3703323892524282,1,"['PALS', 'BLS']",1,entry-level,-0.5565138445329616,3,0.2925723900793752
848,-0.053389573607237596,3,['NRP'],1,intermediate,0.00011132503391331329,0,-0.03472640182058587
849,1.3703323892524282,0,"['PALS', 'CPR', 'NRP']",1,advanced,-1.3357890819265865,1,-0.6238642272405158
850,-0.7652505550370705,3,"['PALS', 'BLS']",1,entry-level,-0.5565138445329616,0,-0.689323985620508
851,-0.7652505550370705,4,['NRP'],1,intermediate,1.669986833734538,3,-0.03472640182058587
852,-0.7652505550370705,3,"['PALS', 'ACLS', 'CPR']",1,advanced,-1.1131390140998365,1,-0.8529733815704886
853,0.6584714078225953,1,['NRP'],1,entry-level,-0.33386377670621165,3,0.1616528733193908
854,-1.4771115364669034,4,"['CPR', 'ACLS', 'BLS']",1,entry-level,-0.6678388784463366,3,-1.016622777520469
855,-0.053389573607237596,2,"['PALS', 'ACLS']",1,intermediate,0.6680615285141632,1,0.3580321484593674
856,-0.053389573607237596,3,['NRP'],1,entry-level,0.00011132503391331329,3,-0.03472640182058587
857,-0.053389573607237596,2,"['PALS', 'CPR', 'BLS']",1,entry-level,1.2246866980810382,0,0.6853309403593285
858,-0.053389573607237596,1,"['CPR', 'ACLS']",1,entry-level,-1.4471141158399616,1,-0.8857032607604847
859,0.6584714078225953,2,['NRP'],1,entry-level,-1.0018139801864616,1,-0.42748495210053916
860,-0.053389573607237596,1,['ACLS'],1,intermediate,1.2246866980810382,0,0.6853309403593285
861,0.6584714078225953,1,"['CPR', 'ACLS', 'PALS']",1,entry-level,-0.6678388784463366,3,-0.1329160393905742
862,-0.7652505550370705,4,"['NRP', 'PALS', 'CPR']",1,entry-level,-0.7791639123597116,3,-0.7547837440005003
863,-1.4771115364669034,3,"['ACLS', 'BLS', 'CPR']",1,entry-level,0.8907115963409132,1,-1.016622777520469
864,1.3703323892524282,1,"['BLS', 'NRP', 'ACLS']",1,entry-level,-0.7791639123597116,0,0.030733356559406348
865,0.6584714078225953,3,['BLS'],1,entry-level,0.4454114606874133,1,0.848980336309309
866,1.3703323892524282,0,"['PALS', 'BLS', 'NRP']",1,intermediate,0.8907115963409132,3,1.994526107959173
867,-1.4771115364669034,2,"['ACLS', 'CPR', 'PALS']",1,intermediate,1.0020366302542882,1,-1.016622777520469
868,-1.4771115364669034,2,['ACLS'],1,advanced,0.2227613928606633,1,-1.016622777520469
869,-0.053389573607237596,0,"['NRP', 'PALS', 'CPR']",1,entry-level,1.669986833734538,2,0.9471699738792974
870,0.6584714078225953,2,['ACLS'],1,advanced,1.1133616641676631,1,1.4381181617292391
871,0.6584714078225953,0,"['ACLS', 'BLS']",1,advanced,-0.22253874279283667,1,0.2598425108893791
872,-0.7652505550370705,3,"['ACLS', 'PALS']",1,intermediate,1.5586617998211632,2,-0.06745628101058197
873,0.6584714078225953,1,['ACLS'],1,entry-level,-1.1131390140998365,3,-0.5256745896705275
874,-1.4771115364669034,4,['BLS'],1,entry-level,-0.22253874279283667,2,-1.016622777520469
875,0.6584714078225953,3,"['ACLS', 'NRP']",1,advanced,-1.3357890819265865,3,-0.7220538648105042
876,-0.7652505550370705,1,"['CPR', 'PALS', 'ACLS']",1,advanced,-0.44518881061958665,3,-0.656594106430512
877,-0.7652505550370705,0,"['CPR', 'PALS', 'ACLS']",1,entry-level,-1.2244640480132116,2,-0.8857032607604847
878,-0.7652505550370705,3,"['ACLS', 'CPR', 'PALS']",1,intermediate,0.4454114606874133,1,-0.39475507291054307
879,-0.7652505550370705,1,"['ACLS', 'NRP', 'CPR']",1,intermediate,-1.3357890819265865,0,-0.9184331399504808
880,1.3703323892524282,0,"['NRP', 'PALS', 'CPR']",1,intermediate,-1.0018139801864616,2,-0.23110567696056253
881,-0.053389573607237596,2,"['BLS', 'CPR', 'NRP']",1,advanced,0.33408642677403827,0,0.1616528733193908
882,0.6584714078225953,4,"['CPR', 'NRP']",1,intermediate,1.4473367659077883,1,1.732687074439204
883,-1.4771115364669034,3,"['CPR', 'ACLS', 'PALS']",1,advanced,0.1114363589472883,3,-1.016622777520469
884,-0.053389573607237596,2,['BLS'],1,entry-level,-0.5565138445329616,3,-0.362025193720547
885,-0.053389573607237596,1,['CPR'],1,entry-level,1.0020366302542882,2,0.554411423599344
886,0.6584714078225953,0,"['ACLS', 'PALS', 'NRP']",1,advanced,-1.0018139801864616,0,-0.42748495210053916
887,-0.7652505550370705,1,"['CPR', 'BLS', 'ACLS']",1,entry-level,-0.11121370887946168,3,-0.5584044688605236
888,1.3703323892524282,0,"['CPR', 'ACLS']",1,entry-level,-0.8904889462730866,3,-0.10018616020057809
889,1.3703323892524282,3,"['PALS', 'BLS']",1,intermediate,-1.0018139801864616,2,-0.23110567696056253
890,-1.4771115364669034,3,"['NRP', 'ACLS']",1,intermediate,-0.33386377670621165,0,-1.016622777520469
891,0.6584714078225953,4,['BLS'],1,entry-level,1.669986833734538,3,1.9290663495791807
892,1.3703323892524282,2,"['ACLS', 'BLS', 'PALS']",1,advanced,-0.44518881061958665,0,0.42349190683935967
893,-0.053389573607237596,3,['NRP'],1,intermediate,-0.22253874279283667,3,-0.16564591858057032
894,-0.7652505550370705,3,"['BLS', 'CPR', 'ACLS']",1,advanced,1.3360117319944131,3,-0.1329160393905742
895,0.6584714078225953,2,"['NRP', 'PALS']",1,advanced,1.4473367659077883,1,1.732687074439204
896,-1.4771115364669034,4,"['PALS', 'ACLS']",1,entry-level,0.2227613928606633,0,-1.016622777520469
897,0.6584714078225953,4,"['PALS', 'ACLS']",1,entry-level,0.2227613928606633,2,0.6526010611693324
898,-0.7652505550370705,0,"['ACLS', 'PALS', 'CPR']",1,advanced,-1.2244640480132116,2,-0.8857032607604847
899,-0.7652505550370705,2,"['CPR', 'ACLS', 'BLS']",1,entry-level,-1.1131390140998365,3,-0.8529733815704886
900,-0.053389573607237596,3,"['NRP', 'BLS', 'PALS']",1,intermediate,0.6680615285141632,2,0.3580321484593674
901,-1.4771115364669034,4,['ACLS'],1,entry-level,-0.8904889462730866,3,-1.016622777520469
902,1.3703323892524282,4,"['ACLS', 'PALS']",1,entry-level,1.2246866980810382,1,2.387284658239126
903,-0.053389573607237596,0,"['NRP', 'ACLS']",1,entry-level,0.2227613928606633,0,0.09619311493939857
904,1.3703323892524282,2,"['CPR', 'NRP']",1,advanced,0.2227613928606633,0,1.2090090073992663
905,-0.053389573607237596,1,"['NRP', 'PALS', 'BLS']",1,intermediate,1.3360117319944131,1,0.7507906987393207
906,0.6584714078225953,4,"['PALS', 'CPR', 'ACLS']",1,entry-level,-0.6678388784463366,1,-0.1329160393905742
907,0.6584714078225953,2,"['ACLS', 'NRP', 'CPR']",1,advanced,1.4473367659077883,0,1.732687074439204
908,-1.4771115364669034,0,['BLS'],1,intermediate,-0.22253874279283667,2,-1.016622777520469
909,-0.053389573607237596,0,"['NRP', 'BLS', 'CPR']",1,entry-level,-0.5565138445329616,2,-0.362025193720547
910,0.6584714078225953,1,['NRP'],1,advanced,1.0020366302542882,3,1.3399285241592507
911,-0.053389573607237596,3,['NRP'],1,intermediate,1.0020366302542882,0,0.554411423599344
912,1.3703323892524282,3,"['BLS', 'NRP', 'CPR']",1,advanced,-1.4471141158399616,3,-0.7547837440005003
913,-0.7652505550370705,1,"['PALS', 'BLS']",1,entry-level,-0.8904889462730866,0,-0.7875136231904963
914,0.6584714078225953,4,['BLS'],1,entry-level,-0.33386377670621165,0,0.1616528733193908
915,0.6584714078225953,4,"['PALS', 'CPR']",1,intermediate,1.2246866980810382,3,1.5363077992992273
916,1.3703323892524282,4,"['BLS', 'CPR', 'ACLS']",1,entry-level,0.4454114606874133,3,1.470848040919235
917,-1.4771115364669034,0,"['ACLS', 'BLS']",1,entry-level,0.8907115963409132,3,-1.016622777520469
918,-0.7652505550370705,1,['NRP'],1,intermediate,0.00011132503391331329,0,-0.5256745896705275
919,1.3703323892524282,2,['ACLS'],1,entry-level,0.33408642677403827,1,1.3399285241592507
920,-0.053389573607237596,1,"['BLS', 'NRP']",1,entry-level,1.669986833734538,2,0.9471699738792974
921,-0.7652505550370705,0,"['BLS', 'NRP', 'PALS']",1,intermediate,-0.22253874279283667,1,-0.5911343480505197
922,-0.053389573607237596,3,"['BLS', 'ACLS']",1,entry-level,1.5586617998211632,0,0.8817102154993052
923,-1.4771115364669034,4,['BLS'],1,entry-level,-1.0018139801864616,2,-1.016622777520469
924,0.6584714078225953,0,['PALS'],1,entry-level,-0.5565138445329616,0,-0.03472640182058587
925,1.3703323892524282,2,"['ACLS', 'PALS', 'NRP']",1,intermediate,-1.1131390140998365,3,-0.362025193720547
926,0.6584714078225953,2,"['BLS', 'CPR']",1,advanced,0.5567364946007882,1,0.9471699738792974
927,0.6584714078225953,2,"['BLS', 'CPR', 'PALS']",1,intermediate,-1.2244640480132116,3,-0.6238642272405158
928,-1.4771115364669034,4,['ACLS'],1,intermediate,-1.5584391497533365,1,-1.016622777520469
929,1.3703323892524282,4,"['NRP', 'CPR']",1,entry-level,1.3360117319944131,0,2.51820417499911
930,0.6584714078225953,0,"['PALS', 'ACLS']",1,advanced,-0.7791639123597116,2,-0.23110567696056253
931,1.3703323892524282,0,"['CPR', 'BLS']",1,advanced,-1.5584391497533365,1,-0.8857032607604847
932,-0.7652505550370705,0,['BLS'],1,intermediate,0.00011132503391331329,1,-0.5256745896705275
933,0.6584714078225953,0,"['ACLS', 'CPR', 'PALS']",1,advanced,0.00011132503391331329,3,0.45622178602935576
934,1.3703323892524282,4,['NRP'],1,entry-level,1.2246866980810382,2,2.387284658239126
935,-0.053389573607237596,3,"['BLS', 'NRP', 'CPR']",1,entry-level,-0.7791639123597116,2,-0.4929447104805314
936,1.3703323892524282,2,"['BLS', 'ACLS', 'PALS']",1,entry-level,1.3360117319944131,1,2.51820417499911
937,1.3703323892524282,1,"['BLS', 'ACLS', 'CPR']",1,intermediate,1.3360117319944131,2,2.51820417499911
938,-1.4771115364669034,3,"['BLS', 'PALS', 'ACLS']",1,intermediate,1.1133616641676631,2,-1.016622777520469
939,-1.4771115364669034,2,"['BLS', 'PALS']",1,intermediate,1.5586617998211632,1,-1.016622777520469
940,-0.7652505550370705,4,"['ACLS', 'CPR', 'PALS']",1,intermediate,-0.22253874279283667,3,-0.5911343480505197
941,0.6584714078225953,4,['BLS'],1,intermediate,0.5567364946007882,3,0.9471699738792974
942,1.3703323892524282,4,"['CPR', 'ACLS']",1,advanced,-0.44518881061958665,2,0.42349190683935967
943,-0.7652505550370705,4,"['CPR', 'ACLS', 'PALS']",1,advanced,-1.3357890819265865,3,-0.9184331399504808
944,1.3703323892524282,0,"['CPR', 'ACLS']",1,intermediate,-1.6697641836667114,3,-1.016622777520469
945,-0.053389573607237596,4,['ACLS'],1,advanced,0.4454114606874133,1,0.227112631699383
946,1.3703323892524282,1,['ACLS'],1,entry-level,-1.6697641836667114,3,-1.016622777520469
947,-1.4771115364669034,2,"['ACLS', 'PALS']",1,entry-level,1.1133616641676631,0,-1.016622777520469
948,1.3703323892524282,2,"['PALS', 'BLS', 'CPR']",1,entry-level,-0.8904889462730866,1,-0.10018616020057809
949,0.6584714078225953,0,['ACLS'],1,intermediate,0.1114363589472883,2,0.554411423599344
950,-0.053389573607237596,0,['PALS'],1,intermediate,-1.6697641836667114,3,-1.016622777520469
951,1.3703323892524282,3,['PALS'],1,intermediate,-0.22253874279283667,1,0.6853309403593285
952,0.6584714078225953,2,"['BLS', 'NRP', 'CPR']",1,advanced,-0.6678388784463366,3,-0.1329160393905742
953,1.3703323892524282,3,['CPR'],1,intermediate,-1.1131390140998365,2,-0.362025193720547
954,-1.4771115364669034,2,"['ACLS', 'BLS', 'NRP']",1,entry-level,0.4454114606874133,3,-1.016622777520469
955,-0.7652505550370705,4,"['BLS', 'NRP', 'CPR']",1,intermediate,-0.22253874279283667,2,-0.5911343480505197
956,1.3703323892524282,4,"['BLS', 'ACLS']",1,entry-level,-1.4471141158399616,2,-0.7547837440005003
957,1.3703323892524282,0,['ACLS'],1,advanced,1.0020366302542882,2,2.125445624719157
958,0.6584714078225953,1,"['CPR', 'PALS']",1,intermediate,-0.22253874279283667,3,0.2598425108893791
959,0.6584714078225953,2,"['CPR', 'PALS']",1,entry-level,1.1133616641676631,2,1.4381181617292391
960,-0.7652505550370705,2,"['NRP', 'BLS', 'ACLS']",1,intermediate,0.33408642677403827,3,-0.42748495210053916
961,1.3703323892524282,0,"['NRP', 'PALS']",1,advanced,0.6680615285141632,1,1.732687074439204
962,0.6584714078225953,2,"['NRP', 'CPR']",1,entry-level,-1.5584391497533365,3,-0.9184331399504808
963,-0.7652505550370705,0,['BLS'],1,entry-level,-0.33386377670621165,2,-0.6238642272405158
964,-0.7652505550370705,1,"['ACLS', 'PALS']",1,intermediate,1.4473367659077883,0,-0.10018616020057809
965,-0.053389573607237596,2,"['BLS', 'NRP', 'PALS']",1,advanced,-1.6697641836667114,2,-1.016622777520469
966,0.6584714078225953,2,"['CPR', 'PALS', 'BLS']",1,advanced,1.1133616641676631,2,1.4381181617292391
967,1.3703323892524282,1,"['NRP', 'ACLS']",1,intermediate,0.6680615285141632,1,1.732687074439204
968,0.6584714078225953,3,"['NRP', 'ACLS']",1,entry-level,-0.44518881061958665,3,0.06346323574940245
969,-0.053389573607237596,4,"['BLS', 'ACLS', 'PALS']",1,advanced,-0.11121370887946168,0,-0.10018616020057809
970,-0.7652505550370705,2,"['PALS', 'ACLS']",1,advanced,-0.11121370887946168,3,-0.5584044688605236
971,0.6584714078225953,3,"['ACLS', 'CPR']",1,entry-level,-1.4471141158399616,1,-0.8202435023804925
972,-0.7652505550370705,1,"['BLS', 'ACLS', 'PALS']",1,intermediate,-1.0018139801864616,0,-0.8202435023804925
973,-1.4771115364669034,1,"['NRP', 'CPR', 'BLS']",1,entry-level,-1.4471141158399616,3,-1.016622777520469
974,1.3703323892524282,2,"['CPR', 'PALS', 'NRP']",1,entry-level,1.4473367659077883,0,2.649123691759095
975,1.3703323892524282,4,"['PALS', 'ACLS', 'CPR']",1,entry-level,-0.11121370887946168,3,0.816250457119313
976,1.3703323892524282,4,"['BLS', 'ACLS', 'NRP']",1,intermediate,-1.3357890819265865,0,-0.6238642272405158
977,1.3703323892524282,0,"['BLS', 'CPR', 'NRP']",1,advanced,-1.1131390140998365,3,-0.362025193720547
978,0.6584714078225953,1,['BLS'],1,entry-level,-1.3357890819265865,0,-0.7220538648105042
979,0.6584714078225953,2,"['CPR', 'NRP', 'BLS']",1,intermediate,0.00011132503391331329,3,0.45622178602935576
980,-0.7652505550370705,4,"['BLS', 'PALS', 'CPR']",1,advanced,1.0020366302542882,1,-0.23110567696056253
981,-0.053389573607237596,2,['ACLS'],1,advanced,-1.2244640480132116,1,-0.7547837440005003
982,-1.4771115364669034,4,"['BLS', 'CPR', 'PALS']",1,intermediate,-0.33386377670621165,1,-1.016622777520469
983,-0.7652505550370705,4,['PALS'],1,advanced,1.669986833734538,1,-0.03472640182058587
984,-0.053389573607237596,1,['BLS'],1,entry-level,-0.7791639123597116,1,-0.4929447104805314
985,0.6584714078225953,0,"['CPR', 'BLS']",1,entry-level,-0.11121370887946168,0,0.3580321484593674
986,-1.4771115364669034,2,['BLS'],1,intermediate,-1.6697641836667114,2,-1.016622777520469
987,-0.7652505550370705,1,"['CPR', 'NRP', 'ACLS']",1,advanced,-1.6697641836667114,2,-1.016622777520469
988,1.3703323892524282,0,"['BLS', 'ACLS', 'NRP']",1,entry-level,1.669986833734538,0,2.9109627252790635
989,1.3703323892524282,3,"['BLS', 'ACLS', 'PALS']",1,advanced,0.1114363589472883,3,1.0780894906392817
990,1.3703323892524282,1,['BLS'],1,advanced,0.6680615285141632,2,1.732687074439204
991,0.6584714078225953,3,"['PALS', 'ACLS', 'CPR']",1,intermediate,1.5586617998211632,3,1.8308767120091922
992,-1.4771115364669034,0,"['ACLS', 'PALS', 'NRP']",1,entry-level,-1.4471141158399616,0,-1.016622777520469
993,-0.7652505550370705,0,"['BLS', 'ACLS', 'NRP']",1,advanced,0.8907115963409132,0,-0.26383555615055865
994,0.6584714078225953,3,['BLS'],1,advanced,1.4473367659077883,1,1.732687074439204
995,-0.7652505550370705,4,['NRP'],1,advanced,-0.6678388784463366,3,-0.7220538648105042
996,0.6584714078225953,4,['CPR'],1,intermediate,1.0020366302542882,0,1.3399285241592507
997,-0.7652505550370705,0,"['CPR', 'BLS']",1,intermediate,-1.6697641836667114,0,-1.016622777520469
998,1.3703323892524282,2,"['ACLS', 'NRP', 'CPR']",1,advanced,0.2227613928606633,3,1.2090090073992663
999,-0.053389573607237596,0,['BLS'],1,entry-level,1.4473367659077883,2,0.816250457119313
1000,-0.053389573607237596,4,"['CPR', 'NRP']",1,entry-level,-0.22253874279283667,0,-0.16564591858057032
